timestamp,username,source_ip,location,device,login_success,hour,day_of_week,is_night_login,failed_login,user_failed_count,is_new_ip_for_user,is_new_device_for_user
2026-03-01 08:13:00,guest,192.168.1.24,UK,MacBook,1,8,6,0,0,0,1,1
2026-03-01 08:28:00,bob,192.168.1.219,FR,Desktop-PC,1,8,6,0,0,0,1,1
2026-03-01 09:16:00,guest,192.168.1.46,DE,Windows-Laptop,1,9,6,0,0,0,1,1
2026-03-01 09:45:00,charlie,192.168.1.180,UK,Windows-Laptop,1,9,6,0,0,0,1,1
2026-03-01 10:05:00,guest,192.168.1.50,FR,MacBook,1,10,6,0,0,0,1,0
2026-03-01 10:05:00,charlie,192.168.1.58,US,Desktop-PC,1,10,6,0,0,0,1,1
2026-03-01 10:14:00,charlie,192.168.1.123,FR,Windows-Laptop,1,10,6,0,0,0,1,0
2026-03-01 10:24:00,alice,192.168.1.209,DE,MacBook,1,10,6,0,0,0,1,1
2026-03-01 10:31:00,bob,192.168.1.217,DE,Desktop-PC,1,10,6,0,0,0,1,0
2026-03-01 10:34:00,charlie,192.168.1.249,US,MacBook,1,10,6,0,0,0,1,1
2026-03-01 10:36:00,admin,192.168.1.197,FR,MacBook,1,10,6,0,0,0,1,1
2026-03-01 10:39:00,bob,192.168.1.108,DE,VPN-Client,1,10,6,0,0,0,1,1
2026-03-01 10:45:00,charlie,192.168.1.58,DE,Desktop-PC,0,10,6,0,1,1,0,0
2026-03-01 10:51:00,admin,192.168.1.173,DE,MacBook,1,10,6,0,0,0,1,0
2026-03-01 10:51:00,guest,192.168.1.221,UK,Windows-Laptop,1,10,6,0,0,0,1,0
2026-03-01 10:53:00,bob,192.168.1.45,US,VPN-Client,1,10,6,0,0,0,1,0
2026-03-01 11:13:00,admin,192.168.1.110,UK,Desktop-PC,1,11,6,0,0,0,1,1
2026-03-01 11:19:00,admin,192.168.1.52,UK,MacBook,1,11,6,0,0,0,1,0
2026-03-01 11:26:00,charlie,192.168.1.25,DE,VPN-Client,1,11,6,0,0,1,1,1
2026-03-01 11:30:00,charlie,192.168.1.142,DE,VPN-Client,0,11,6,0,1,2,1,0
2026-03-01 11:47:00,charlie,192.168.1.111,UK,MacBook,1,11,6,0,0,2,1,0
2026-03-01 11:52:00,guest,192.168.1.115,US,MacBook,0,11,6,0,1,1,1,0
2026-03-01 11:52:00,charlie,192.168.1.179,FR,Windows-Laptop,1,11,6,0,0,2,1,0
2026-03-01 12:00:00,admin,192.168.1.251,US,MacBook,1,12,6,0,0,0,1,0
2026-03-01 12:57:00,alice,192.168.1.71,DE,MacBook,1,12,6,0,0,0,1,0
2026-03-01 13:04:00,bob,192.168.1.158,DE,Windows-Laptop,1,13,6,0,0,0,1,1
2026-03-01 13:20:00,bob,192.168.1.6,DE,Windows-Laptop,1,13,6,0,0,0,1,0
2026-03-01 13:24:00,admin,192.168.1.189,FR,VPN-Client,1,13,6,0,0,0,1,1
2026-03-01 13:26:00,charlie,192.168.1.217,UK,MacBook,1,13,6,0,0,2,1,0
2026-03-01 13:37:00,bob,192.168.1.113,DE,VPN-Client,1,13,6,0,0,0,1,0
2026-03-01 13:38:00,admin,192.168.1.162,US,Windows-Laptop,1,13,6,0,0,0,1,1
2026-03-01 13:39:00,admin,192.168.1.66,UK,VPN-Client,1,13,6,0,0,0,1,0
2026-03-01 13:51:00,admin,192.168.1.231,UK,Desktop-PC,1,13,6,0,0,0,1,0
2026-03-01 13:57:00,alice,192.168.1.151,DE,VPN-Client,1,13,6,0,0,0,1,1
2026-03-01 13:57:00,alice,192.168.1.139,UK,Desktop-PC,1,13,6,0,0,0,1,1
2026-03-01 14:01:00,charlie,192.168.1.129,DE,Windows-Laptop,1,14,6,0,0,2,1,0
2026-03-01 14:10:00,bob,192.168.1.237,FR,VPN-Client,1,14,6,0,0,0,1,0
2026-03-01 14:10:00,guest,192.168.1.186,UK,Desktop-PC,0,14,6,0,1,2,1,1
2026-03-01 14:31:00,bob,192.168.1.127,FR,MacBook,1,14,6,0,0,0,1,1
2026-03-01 14:40:00,charlie,192.168.1.45,DE,Windows-Laptop,0,14,6,0,1,3,1,0
2026-03-01 14:49:00,admin,192.168.1.41,DE,VPN-Client,1,14,6,0,0,0,1,0
2026-03-01 14:49:00,charlie,192.168.1.248,US,MacBook,0,14,6,0,1,4,1,0
2026-03-01 14:50:00,bob,192.168.1.182,DE,VPN-Client,1,14,6,0,0,0,1,0
2026-03-01 15:00:00,bob,192.168.1.38,US,VPN-Client,1,15,6,0,0,0,1,0
2026-03-01 15:03:00,admin,192.168.1.68,UK,Desktop-PC,1,15,6,0,0,0,1,0
2026-03-01 15:14:00,admin,192.168.1.29,UK,VPN-Client,1,15,6,0,0,0,1,0
2026-03-01 15:14:00,guest,192.168.1.6,FR,MacBook,1,15,6,0,0,2,1,0
2026-03-01 15:25:00,charlie,192.168.1.127,UK,VPN-Client,1,15,6,0,0,4,1,0
2026-03-01 15:26:00,bob,192.168.1.98,FR,Windows-Laptop,1,15,6,0,0,0,1,0
2026-03-01 15:44:00,bob,192.168.1.72,DE,Desktop-PC,1,15,6,0,0,0,1,0
2026-03-01 16:12:00,guest,192.168.1.247,DE,Windows-Laptop,1,16,6,0,0,2,1,0
2026-03-01 16:13:00,guest,192.168.1.226,FR,MacBook,1,16,6,0,0,2,1,0
2026-03-01 16:15:00,admin,192.168.1.159,UK,Desktop-PC,1,16,6,0,0,0,1,0
2026-03-01 16:26:00,charlie,192.168.1.52,UK,MacBook,1,16,6,0,0,4,1,0
2026-03-01 16:34:00,admin,192.168.1.204,FR,MacBook,1,16,6,0,0,0,1,0
2026-03-01 16:42:00,charlie,192.168.1.148,US,MacBook,1,16,6,0,0,4,1,0
2026-03-01 17:06:00,bob,192.168.1.85,DE,MacBook,1,17,6,0,0,0,1,0
2026-03-01 17:20:00,charlie,192.168.1.16,US,Windows-Laptop,1,17,6,0,0,4,1,0
2026-03-01 17:23:00,guest,192.168.1.168,UK,Desktop-PC,1,17,6,0,0,2,1,0
2026-03-01 17:38:00,bob,192.168.1.108,FR,Windows-Laptop,1,17,6,0,0,0,0,0
2026-03-01 17:38:00,charlie,192.168.1.89,FR,Desktop-PC,0,17,6,0,1,5,1,0
2026-03-01 17:40:00,alice,192.168.1.230,DE,Desktop-PC,1,17,6,0,0,0,1,0
2026-03-01 17:48:00,bob,192.168.1.31,UK,VPN-Client,1,17,6,0,0,0,1,0
2026-03-01 17:49:00,bob,192.168.1.117,FR,MacBook,0,17,6,0,1,1,1,0
2026-03-01 17:52:00,admin,192.168.1.135,FR,Desktop-PC,1,17,6,0,0,0,1,0
2026-03-01 18:13:00,charlie,192.168.1.226,UK,Desktop-PC,1,18,6,0,0,5,1,0
2026-03-01 18:46:00,charlie,192.168.1.241,UK,Desktop-PC,1,18,6,0,0,5,1,0
2026-03-01 18:58:00,alice,192.168.1.136,US,VPN-Client,1,18,6,0,0,0,1,0
2026-03-01 19:04:00,bob,192.168.1.112,UK,MacBook,1,19,6,0,0,1,1,0
2026-03-01 19:09:00,bob,192.168.1.201,FR,Desktop-PC,1,19,6,0,0,1,1,0
2026-03-01 19:10:00,charlie,192.168.1.176,UK,Windows-Laptop,1,19,6,0,0,5,1,0
2026-03-01 19:11:00,admin,192.168.1.244,UK,Windows-Laptop,1,19,6,0,0,0,1,0
2026-03-01 19:26:00,guest,192.168.1.180,DE,VPN-Client,1,19,6,0,0,2,1,1
2026-03-01 19:27:00,bob,192.168.1.4,DE,VPN-Client,1,19,6,0,0,1,1,0
2026-03-01 19:41:00,charlie,192.168.1.18,UK,VPN-Client,1,19,6,0,0,5,1,0
2026-03-01 19:49:00,charlie,192.168.1.198,UK,MacBook,1,19,6,0,0,5,1,0
2026-03-01 19:56:00,admin,192.168.1.230,DE,Desktop-PC,1,19,6,0,0,0,1,0
2026-03-01 19:58:00,admin,192.168.1.191,FR,Desktop-PC,1,19,6,0,0,0,1,0
2026-03-01 20:11:00,charlie,192.168.1.72,FR,VPN-Client,1,20,6,0,0,5,1,0
2026-03-01 20:15:00,bob,192.168.1.87,FR,Desktop-PC,1,20,6,0,0,1,1,0
2026-03-01 20:22:00,alice,192.168.1.87,US,Desktop-PC,1,20,6,0,0,0,1,0
2026-03-01 20:24:00,admin,192.168.1.48,US,MacBook,1,20,6,0,0,0,1,0
2026-03-01 20:24:00,alice,192.168.1.195,US,VPN-Client,1,20,6,0,0,0,1,0
2026-03-01 20:40:00,charlie,192.168.1.53,FR,Windows-Laptop,1,20,6,0,0,5,1,0
2026-03-01 20:52:00,alice,192.168.1.159,FR,MacBook,1,20,6,0,0,0,1,0
2026-03-01 21:06:00,charlie,192.168.1.47,US,Desktop-PC,0,21,6,0,1,6,1,0
2026-03-01 21:09:00,bob,192.168.1.96,UK,MacBook,1,21,6,0,0,1,1,0
2026-03-01 21:21:00,guest,192.168.1.88,UK,Windows-Laptop,0,21,6,0,1,3,1,0
2026-03-01 21:45:00,alice,192.168.1.187,DE,MacBook,1,21,6,0,0,0,1,0
2026-03-01 21:53:00,alice,192.168.1.61,FR,Desktop-PC,0,21,6,0,1,1,1,0
2026-03-01 21:57:00,alice,192.168.1.197,DE,Windows-Laptop,1,21,6,0,0,1,1,1
2026-03-01 22:01:00,admin,192.168.1.229,FR,Windows-Laptop,1,22,6,0,0,0,1,0
2026-03-01 22:02:00,guest,192.168.1.21,FR,Windows-Laptop,1,22,6,0,0,3,1,0
2026-03-01 22:25:00,bob,192.168.1.94,US,VPN-Client,1,22,6,0,0,1,1,0
2026-03-01 22:27:00,admin,192.168.1.28,US,Windows-Laptop,1,22,6,0,0,0,1,0
2026-03-01 22:33:00,alice,192.168.1.250,FR,Windows-Laptop,1,22,6,0,0,1,1,0
2026-03-01 22:51:00,admin,192.168.1.243,FR,Desktop-PC,1,22,6,0,0,0,1,0
2026-03-01 22:55:00,admin,192.168.1.121,DE,Windows-Laptop,1,22,6,0,0,0,1,0
2026-03-01 23:23:00,guest,192.168.1.201,DE,VPN-Client,1,23,6,1,0,3,1,0
2026-03-01 23:34:00,admin,192.168.1.73,UK,VPN-Client,1,23,6,1,0,0,1,0
2026-03-01 23:51:00,guest,192.168.1.218,DE,VPN-Client,1,23,6,1,0,3,1,0
2026-03-02 00:07:00,bob,192.168.1.239,US,VPN-Client,1,0,0,1,0,1,1,0
2026-03-02 00:40:00,admin,192.168.1.122,FR,MacBook,1,0,0,1,0,0,1,0
2026-03-02 00:48:00,charlie,192.168.1.157,UK,VPN-Client,0,0,0,1,1,7,1,0
2026-03-02 00:50:00,alice,192.168.1.226,US,Desktop-PC,1,0,0,1,0,1,1,0
2026-03-02 00:50:00,alice,192.168.1.190,DE,MacBook,1,0,0,1,0,1,1,0
2026-03-02 01:04:00,alice,192.168.1.84,UK,VPN-Client,0,1,0,1,1,2,1,0
2026-03-02 01:10:00,bob,192.168.1.97,US,Desktop-PC,1,1,0,1,0,1,1,0
2026-03-02 01:22:00,charlie,192.168.1.234,DE,MacBook,1,1,0,1,0,7,1,0
2026-03-02 01:24:00,alice,192.168.1.142,FR,VPN-Client,1,1,0,1,0,2,1,0
2026-03-02 01:36:00,alice,192.168.1.80,DE,Desktop-PC,1,1,0,1,0,2,1,0
2026-03-02 01:43:00,admin,192.168.1.43,DE,Desktop-PC,1,1,0,1,0,0,1,0
2026-03-02 01:55:00,charlie,192.168.1.96,DE,MacBook,1,1,0,1,0,7,1,0
2026-03-02 02:16:00,charlie,192.168.1.75,FR,MacBook,1,2,0,1,0,7,1,0
2026-03-02 02:19:00,guest,192.168.1.192,UK,MacBook,0,2,0,1,1,4,1,0
2026-03-02 02:24:00,bob,192.168.1.247,US,VPN-Client,1,2,0,1,0,1,1,0
2026-03-02 02:28:00,guest,192.168.1.215,UK,Desktop-PC,1,2,0,1,0,4,1,0
2026-03-02 02:32:00,bob,192.168.1.45,US,VPN-Client,1,2,0,1,0,1,0,0
2026-03-02 02:34:00,guest,192.168.1.230,DE,Desktop-PC,0,2,0,1,1,5,1,0
2026-03-02 02:34:00,admin,192.168.1.218,FR,Windows-Laptop,0,2,0,1,1,1,1,0
2026-03-02 03:01:00,charlie,192.168.1.38,DE,VPN-Client,1,3,0,1,0,7,1,0
2026-03-02 03:28:00,guest,192.168.1.36,US,Desktop-PC,1,3,0,1,0,5,1,0
2026-03-02 03:38:00,charlie,192.168.1.50,UK,VPN-Client,1,3,0,1,0,7,1,0
2026-03-02 03:57:00,admin,192.168.1.90,US,VPN-Client,1,3,0,1,0,1,1,0
2026-03-02 03:59:00,admin,192.168.1.33,US,Windows-Laptop,1,3,0,1,0,1,1,0
2026-03-02 04:22:00,admin,192.168.1.121,FR,VPN-Client,1,4,0,1,0,1,0,0
2026-03-02 04:42:00,bob,192.168.1.16,US,Desktop-PC,0,4,0,1,1,2,1,0
2026-03-02 04:48:00,admin,192.168.1.119,DE,VPN-Client,1,4,0,1,0,1,1,0
2026-03-02 04:58:00,alice,192.168.1.79,US,VPN-Client,1,4,0,1,0,2,1,0
2026-03-02 04:59:00,guest,192.168.1.109,FR,Desktop-PC,0,4,0,1,1,6,1,0
2026-03-02 05:02:00,admin,192.168.1.90,FR,VPN-Client,1,5,0,1,0,1,0,0
2026-03-02 05:03:00,bob,192.168.1.115,DE,MacBook,1,5,0,1,0,2,1,0
2026-03-02 05:12:00,guest,192.168.1.131,FR,MacBook,0,5,0,1,1,7,1,0
2026-03-02 05:17:00,alice,192.168.1.146,US,Windows-Laptop,1,5,0,1,0,2,1,0
2026-03-02 05:21:00,bob,192.168.1.133,FR,MacBook,1,5,0,1,0,2,1,0
2026-03-02 05:24:00,bob,192.168.1.229,FR,Windows-Laptop,1,5,0,1,0,2,1,0
2026-03-02 05:35:00,charlie,192.168.1.30,US,Windows-Laptop,1,5,0,1,0,7,1,0
2026-03-02 05:36:00,guest,192.168.1.4,US,MacBook,1,5,0,1,0,7,1,0
2026-03-02 05:59:00,admin,192.168.1.222,DE,Desktop-PC,1,5,0,1,0,1,1,0
2026-03-02 06:01:00,guest,192.168.1.73,UK,Windows-Laptop,0,6,0,0,1,8,1,0
2026-03-02 06:06:00,alice,192.168.1.27,UK,VPN-Client,1,6,0,0,0,2,1,0
2026-03-02 06:11:00,admin,192.168.1.89,UK,Desktop-PC,1,6,0,0,0,1,1,0
2026-03-02 06:27:00,guest,192.168.1.78,DE,VPN-Client,1,6,0,0,0,8,1,0
2026-03-02 06:34:00,bob,192.168.1.2,UK,MacBook,1,6,0,0,0,2,1,0
2026-03-02 06:37:00,guest,192.168.1.135,DE,Desktop-PC,1,6,0,0,0,8,1,0
2026-03-02 06:44:00,alice,192.168.1.106,UK,Desktop-PC,1,6,0,0,0,2,1,0
2026-03-02 06:49:00,guest,192.168.1.98,DE,VPN-Client,1,6,0,0,0,8,1,0
2026-03-02 07:01:00,charlie,192.168.1.204,FR,MacBook,1,7,0,0,0,7,1,0
2026-03-02 07:35:00,charlie,192.168.1.153,DE,Desktop-PC,1,7,0,0,0,7,1,0
2026-03-02 07:37:00,guest,192.168.1.128,FR,Windows-Laptop,1,7,0,0,0,8,1,0
2026-03-02 07:47:00,alice,192.168.1.170,UK,Desktop-PC,1,7,0,0,0,2,1,0
2026-03-02 07:51:00,admin,192.168.1.240,US,Desktop-PC,1,7,0,0,0,1,1,0
2026-03-02 08:01:00,admin,192.168.1.38,DE,Desktop-PC,1,8,0,0,0,1,1,0
2026-03-02 08:13:00,alice,192.168.1.196,US,VPN-Client,1,8,0,0,0,2,1,0
2026-03-02 08:14:00,guest,192.168.1.183,UK,MacBook,0,8,0,0,1,9,1,0
2026-03-02 08:57:00,bob,192.168.1.121,DE,Desktop-PC,1,8,0,0,0,2,1,0
2026-03-02 09:06:00,alice,192.168.1.104,FR,MacBook,1,9,0,0,0,2,1,0
2026-03-02 09:27:00,guest,192.168.1.174,UK,Windows-Laptop,1,9,0,0,0,9,1,0
2026-03-02 09:37:00,bob,192.168.1.85,DE,Windows-Laptop,1,9,0,0,0,2,0,0
2026-03-02 09:38:00,charlie,192.168.1.48,UK,Windows-Laptop,1,9,0,0,0,7,1,0
2026-03-02 09:40:00,admin,192.168.1.51,UK,VPN-Client,0,9,0,0,1,2,1,0
2026-03-02 09:46:00,guest,192.168.1.105,US,Windows-Laptop,1,9,0,0,0,9,1,0
2026-03-02 09:58:00,charlie,192.168.1.36,UK,Desktop-PC,1,9,0,0,0,7,1,0
2026-03-02 09:59:00,guest,192.168.1.230,US,Windows-Laptop,0,9,0,0,1,10,0,0
2026-03-02 10:15:00,charlie,192.168.1.58,FR,MacBook,1,10,0,0,0,7,0,0
2026-03-02 10:20:00,charlie,192.168.1.110,FR,Desktop-PC,1,10,0,0,0,7,1,0
2026-03-02 10:25:00,charlie,192.168.1.63,US,MacBook,1,10,0,0,0,7,1,0
2026-03-02 10:26:00,guest,192.168.1.78,US,Desktop-PC,1,10,0,0,0,10,0,0
2026-03-02 10:40:00,guest,192.168.1.97,US,MacBook,1,10,0,0,0,10,1,0
2026-03-02 10:46:00,guest,192.168.1.58,UK,Desktop-PC,1,10,0,0,0,10,1,0
2026-03-02 10:50:00,admin,192.168.1.40,FR,Desktop-PC,1,10,0,0,0,2,1,0
2026-03-02 10:54:00,charlie,192.168.1.148,US,MacBook,1,10,0,0,0,7,0,0
2026-03-02 10:56:00,guest,192.168.1.196,FR,VPN-Client,1,10,0,0,0,10,1,0
2026-03-02 11:03:00,bob,192.168.1.12,UK,Desktop-PC,1,11,0,0,0,2,1,0
2026-03-02 11:31:00,guest,192.168.1.117,DE,VPN-Client,1,11,0,0,0,10,1,0
2026-03-02 11:36:00,charlie,192.168.1.104,FR,VPN-Client,1,11,0,0,0,7,1,0
2026-03-02 11:46:00,alice,192.168.1.95,FR,VPN-Client,1,11,0,0,0,2,1,0
2026-03-02 11:55:00,alice,192.168.1.129,FR,Desktop-PC,1,11,0,0,0,2,1,0
2026-03-02 12:01:00,admin,192.168.1.168,US,Desktop-PC,1,12,0,0,0,2,1,0
2026-03-02 12:04:00,admin,192.168.1.193,DE,VPN-Client,1,12,0,0,0,2,1,0
2026-03-02 12:21:00,guest,192.168.1.247,UK,VPN-Client,1,12,0,0,0,10,0,0
2026-03-02 12:22:00,charlie,192.168.1.201,DE,Desktop-PC,1,12,0,0,0,7,1,0
2026-03-02 12:32:00,bob,192.168.1.7,US,Windows-Laptop,1,12,0,0,0,2,1,0
2026-03-02 12:56:00,alice,192.168.1.194,DE,VPN-Client,1,12,0,0,0,2,1,0
2026-03-02 12:57:00,bob,192.168.1.189,US,Desktop-PC,1,12,0,0,0,2,1,0
2026-03-02 13:34:00,admin,192.168.1.216,FR,Desktop-PC,1,13,0,0,0,2,1,0
2026-03-02 13:49:00,bob,192.168.1.112,US,Desktop-PC,1,13,0,0,0,2,0,0
2026-03-02 13:55:00,admin,192.168.1.86,UK,MacBook,1,13,0,0,0,2,1,0
2026-03-02 14:04:00,alice,192.168.1.60,US,Windows-Laptop,1,14,0,0,0,2,1,0
2026-03-02 14:29:00,bob,192.168.1.26,UK,VPN-Client,1,14,0,0,0,2,1,0
2026-03-02 14:40:00,guest,192.168.1.223,UK,Windows-Laptop,1,14,0,0,0,10,1,0
2026-03-02 15:07:00,alice,192.168.1.180,DE,Desktop-PC,1,15,0,0,0,2,1,0
2026-03-02 15:41:00,guest,192.168.1.157,UK,Windows-Laptop,1,15,0,0,0,10,1,0
2026-03-02 15:45:00,guest,192.168.1.35,UK,MacBook,1,15,0,0,0,10,1,0
2026-03-02 16:18:00,charlie,192.168.1.218,DE,VPN-Client,1,16,0,0,0,7,1,0
2026-03-02 16:23:00,guest,192.168.1.67,UK,MacBook,1,16,0,0,0,10,1,0
2026-03-02 16:47:00,alice,192.168.1.231,DE,VPN-Client,0,16,0,0,1,3,1,0
2026-03-02 17:14:00,guest,192.168.1.247,UK,VPN-Client,1,17,0,0,0,10,0,0
2026-03-02 17:27:00,charlie,192.168.1.127,FR,MacBook,1,17,0,0,0,7,0,0
2026-03-02 17:31:00,bob,192.168.1.79,DE,Windows-Laptop,1,17,0,0,0,2,1,0
2026-03-02 18:00:00,charlie,192.168.1.119,US,Desktop-PC,1,18,0,0,0,7,1,0
2026-03-02 18:17:00,alice,192.168.1.6,UK,Desktop-PC,0,18,0,0,1,4,1,0
2026-03-02 18:24:00,bob,192.168.1.31,FR,VPN-Client,1,18,0,0,0,2,0,0
2026-03-02 18:24:00,admin,192.168.1.103,FR,Desktop-PC,1,18,0,0,0,2,1,0
2026-03-02 19:03:00,admin,192.168.1.101,US,MacBook,1,19,0,0,0,2,1,0
2026-03-02 19:32:00,alice,192.168.1.67,UK,MacBook,1,19,0,0,0,4,1,0
2026-03-02 19:44:00,admin,192.168.1.247,DE,MacBook,1,19,0,0,0,2,1,0
2026-03-02 19:49:00,guest,192.168.1.107,UK,VPN-Client,1,19,0,0,0,10,1,0
2026-03-02 19:50:00,charlie,192.168.1.247,UK,VPN-Client,1,19,0,0,0,7,1,0
2026-03-02 21:10:00,charlie,192.168.1.26,DE,Desktop-PC,1,21,0,0,0,7,1,0
2026-03-02 21:31:00,bob,192.168.1.27,FR,MacBook,1,21,0,0,0,2,1,0
2026-03-02 21:43:00,bob,192.168.1.30,FR,Desktop-PC,1,21,0,0,0,2,1,0
2026-03-02 21:50:00,admin,192.168.1.18,US,MacBook,1,21,0,0,0,2,1,0
2026-03-02 22:04:00,admin,192.168.1.89,FR,Windows-Laptop,1,22,0,0,0,2,0,0
2026-03-02 22:11:00,alice,192.168.1.171,DE,Windows-Laptop,1,22,0,0,0,4,1,0
2026-03-02 22:31:00,bob,192.168.1.49,UK,MacBook,1,22,0,0,0,2,1,0
2026-03-02 22:39:00,admin,192.168.1.251,UK,VPN-Client,1,22,0,0,0,2,0,0
2026-03-02 22:52:00,guest,192.168.1.143,FR,Windows-Laptop,1,22,0,0,0,10,1,0
2026-03-02 22:58:00,bob,192.168.1.37,DE,Windows-Laptop,1,22,0,0,0,2,1,0
2026-03-02 23:14:00,alice,192.168.1.113,US,MacBook,1,23,0,1,0,4,1,0
2026-03-02 23:15:00,admin,192.168.1.50,FR,Desktop-PC,1,23,0,1,0,2,1,0
2026-03-02 23:20:00,alice,192.168.1.95,UK,VPN-Client,1,23,0,1,0,4,0,0
2026-03-02 23:38:00,guest,192.168.1.96,DE,VPN-Client,1,23,0,1,0,10,1,0
2026-03-02 23:39:00,charlie,192.168.1.245,DE,Windows-Laptop,1,23,0,1,0,7,1,0
2026-03-03 00:02:00,admin,192.168.1.209,DE,VPN-Client,1,0,1,1,0,2,1,0
2026-03-03 00:03:00,alice,192.168.1.201,UK,Windows-Laptop,1,0,1,1,0,4,1,0
2026-03-03 00:42:00,guest,192.168.1.196,UK,VPN-Client,0,0,1,1,1,11,0,0
2026-03-03 00:50:00,guest,192.168.1.164,US,MacBook,1,0,1,1,0,11,1,0
2026-03-03 00:51:00,charlie,192.168.1.39,FR,VPN-Client,1,0,1,1,0,7,1,0
2026-03-03 00:56:00,alice,192.168.1.121,FR,MacBook,1,0,1,1,0,4,1,0
2026-03-03 01:05:00,charlie,192.168.1.95,FR,Desktop-PC,1,1,1,1,0,7,1,0
2026-03-03 01:17:00,admin,192.168.1.27,UK,Windows-Laptop,1,1,1,1,0,2,1,0
2026-03-03 01:26:00,admin,192.168.1.183,US,Desktop-PC,1,1,1,1,0,2,1,0
2026-03-03 01:47:00,bob,192.168.1.212,FR,MacBook,0,1,1,1,1,3,1,0
2026-03-03 01:49:00,bob,192.168.1.150,US,VPN-Client,1,1,1,1,0,3,1,0
2026-03-03 01:49:00,bob,192.168.1.181,UK,VPN-Client,1,1,1,1,0,3,1,0
2026-03-03 01:57:00,admin,192.168.1.15,US,MacBook,1,1,1,1,0,2,1,0
2026-03-03 02:38:00,bob,192.168.1.112,FR,Windows-Laptop,1,2,1,1,0,3,0,0
2026-03-03 02:44:00,charlie,192.168.1.10,UK,Windows-Laptop,1,2,1,1,0,7,1,0
2026-03-03 02:48:00,charlie,192.168.1.48,DE,MacBook,1,2,1,1,0,7,0,0
2026-03-03 03:09:00,bob,192.168.1.225,US,MacBook,1,3,1,1,0,3,1,0
2026-03-03 03:15:00,admin,192.168.1.194,US,MacBook,1,3,1,1,0,2,1,0
2026-03-03 03:15:00,admin,203.0.113.50,RU,Unknown-Host,1,3,1,1,0,2,1,1
2026-03-03 03:22:00,admin,192.168.1.128,FR,Windows-Laptop,1,3,1,1,0,2,1,0
2026-03-03 03:23:00,alice,192.168.1.216,UK,MacBook,1,3,1,1,0,4,1,0
2026-03-03 03:29:00,guest,192.168.1.68,DE,Desktop-PC,1,3,1,1,0,11,1,0
2026-03-03 03:39:00,admin,192.168.1.46,DE,Windows-Laptop,1,3,1,1,0,2,1,0
2026-03-03 03:42:00,guest,192.168.1.46,US,Windows-Laptop,0,3,1,1,1,12,0,0
2026-03-03 04:25:00,guest,192.168.1.121,UK,VPN-Client,1,4,1,1,0,12,1,0
2026-03-03 04:25:00,charlie,192.168.1.103,FR,MacBook,1,4,1,1,0,7,1,0
2026-03-03 04:29:00,guest,192.168.1.222,UK,Windows-Laptop,1,4,1,1,0,12,1,0
2026-03-03 04:32:00,bob,192.168.1.65,DE,VPN-Client,1,4,1,1,0,3,1,0
2026-03-03 04:40:00,guest,192.168.1.133,DE,MacBook,1,4,1,1,0,12,1,0
2026-03-03 04:48:00,charlie,192.168.1.100,DE,VPN-Client,1,4,1,1,0,7,1,0
2026-03-03 04:49:00,alice,192.168.1.88,FR,MacBook,1,4,1,1,0,4,1,0
2026-03-03 04:57:00,charlie,192.168.1.42,UK,VPN-Client,1,4,1,1,0,7,1,0
2026-03-03 05:05:00,bob,192.168.1.15,DE,VPN-Client,1,5,1,1,0,3,1,0
2026-03-03 05:18:00,admin,192.168.1.105,FR,Desktop-PC,1,5,1,1,0,2,1,0
2026-03-03 05:29:00,alice,192.168.1.223,DE,Desktop-PC,1,5,1,1,0,4,1,0
2026-03-03 05:32:00,charlie,192.168.1.169,FR,Desktop-PC,1,5,1,1,0,7,1,0
2026-03-03 05:37:00,alice,192.168.1.155,UK,VPN-Client,1,5,1,1,0,4,1,0
2026-03-03 05:54:00,bob,192.168.1.132,FR,VPN-Client,1,5,1,1,0,3,1,0
2026-03-03 06:03:00,guest,192.168.1.26,DE,Desktop-PC,1,6,1,0,0,12,1,0
2026-03-03 06:13:00,bob,192.168.1.177,FR,VPN-Client,1,6,1,0,0,3,1,0
2026-03-03 06:19:00,guest,192.168.1.217,UK,VPN-Client,1,6,1,0,0,12,1,0
2026-03-03 06:22:00,alice,192.168.1.192,UK,VPN-Client,1,6,1,0,0,4,1,0
2026-03-03 06:42:00,bob,192.168.1.75,FR,Windows-Laptop,1,6,1,0,0,3,1,0
2026-03-03 06:57:00,bob,192.168.1.248,FR,MacBook,0,6,1,0,1,4,1,0
2026-03-03 06:59:00,admin,192.168.1.106,FR,MacBook,1,6,1,0,0,2,1,0
2026-03-03 07:14:00,guest,192.168.1.65,FR,MacBook,1,7,1,0,0,12,1,0
2026-03-03 07:29:00,admin,192.168.1.207,FR,MacBook,1,7,1,0,0,2,1,0
2026-03-03 07:36:00,alice,192.168.1.193,FR,VPN-Client,1,7,1,0,0,4,1,0
2026-03-03 07:38:00,alice,192.168.1.248,UK,Desktop-PC,1,7,1,0,0,4,1,0
2026-03-03 07:53:00,charlie,192.168.1.89,FR,VPN-Client,1,7,1,0,0,7,0,0
2026-03-03 08:24:00,admin,192.168.1.112,US,Windows-Laptop,1,8,1,0,0,2,1,0
2026-03-03 08:47:00,alice,192.168.1.23,FR,VPN-Client,1,8,1,0,0,4,1,0
2026-03-03 08:49:00,guest,192.168.1.25,FR,VPN-Client,1,8,1,0,0,12,1,0
2026-03-03 08:54:00,admin,192.168.1.66,DE,Desktop-PC,0,8,1,0,1,3,0,0
2026-03-03 09:12:00,bob,192.168.1.26,DE,MacBook,1,9,1,0,0,4,0,0
2026-03-03 09:33:00,bob,192.168.1.142,FR,MacBook,1,9,1,0,0,4,1,0
2026-03-03 09:34:00,admin,192.168.1.164,DE,MacBook,1,9,1,0,0,3,1,0
2026-03-03 09:36:00,alice,192.168.1.124,UK,MacBook,1,9,1,0,0,4,1,0
2026-03-03 09:36:00,bob,192.168.1.141,US,Desktop-PC,0,9,1,0,1,5,1,0
2026-03-03 09:56:00,bob,192.168.1.193,DE,MacBook,1,9,1,0,0,5,1,0
2026-03-03 10:15:00,bob,192.168.1.150,UK,Desktop-PC,1,10,1,0,0,5,0,0
2026-03-03 10:22:00,bob,192.168.1.100,US,VPN-Client,1,10,1,0,0,5,1,0
2026-03-03 10:26:00,bob,192.168.1.126,DE,Windows-Laptop,1,10,1,0,0,5,1,0
2026-03-03 10:37:00,charlie,192.168.1.71,FR,Windows-Laptop,1,10,1,0,0,7,1,0
2026-03-03 10:39:00,charlie,192.168.1.73,UK,Desktop-PC,1,10,1,0,0,7,1,0
2026-03-03 10:48:00,charlie,192.168.1.137,DE,MacBook,1,10,1,0,0,7,1,0
2026-03-03 10:59:00,bob,192.168.1.10,UK,Windows-Laptop,1,10,1,0,0,5,1,0
2026-03-03 11:01:00,guest,192.168.1.197,FR,Windows-Laptop,1,11,1,0,0,12,1,0
2026-03-03 11:13:00,charlie,192.168.1.228,US,VPN-Client,1,11,1,0,0,7,1,0
2026-03-03 11:16:00,charlie,192.168.1.242,UK,Desktop-PC,1,11,1,0,0,7,1,0
2026-03-03 11:17:00,bob,192.168.1.130,FR,VPN-Client,1,11,1,0,0,5,1,0
2026-03-03 11:20:00,charlie,192.168.1.163,UK,Windows-Laptop,1,11,1,0,0,7,1,0
2026-03-03 11:28:00,guest,192.168.1.36,DE,Desktop-PC,0,11,1,0,1,13,0,0
2026-03-03 11:34:00,alice,192.168.1.68,FR,MacBook,1,11,1,0,0,4,1,0
2026-03-03 11:38:00,guest,192.168.1.68,DE,Windows-Laptop,0,11,1,0,1,14,0,0
2026-03-03 11:39:00,charlie,192.168.1.228,US,Desktop-PC,1,11,1,0,0,7,0,0
2026-03-03 11:45:00,charlie,192.168.1.6,DE,VPN-Client,1,11,1,0,0,7,1,0
2026-03-03 12:09:00,admin,192.168.1.128,DE,Desktop-PC,1,12,1,0,0,3,0,0
2026-03-03 12:10:00,bob,192.168.1.16,FR,Desktop-PC,1,12,1,0,0,5,0,0
2026-03-03 12:14:00,bob,192.168.1.49,DE,VPN-Client,0,12,1,0,1,6,0,0
2026-03-03 12:20:00,admin,192.168.1.177,UK,Desktop-PC,0,12,1,0,1,4,1,0
2026-03-03 12:50:00,admin,192.168.1.9,US,VPN-Client,0,12,1,0,1,5,1,0
2026-03-03 12:57:00,alice,192.168.1.98,DE,MacBook,1,12,1,0,0,4,1,0
2026-03-03 13:22:00,admin,192.168.1.31,DE,Windows-Laptop,1,13,1,0,0,5,1,0
2026-03-03 13:34:00,admin,192.168.1.216,US,Desktop-PC,1,13,1,0,0,5,0,0
2026-03-03 13:49:00,alice,192.168.1.91,FR,VPN-Client,1,13,1,0,0,4,1,0
2026-03-03 13:50:00,admin,192.168.1.3,FR,MacBook,1,13,1,0,0,5,1,0
2026-03-03 13:57:00,alice,192.168.1.70,FR,MacBook,1,13,1,0,0,4,1,0
2026-03-03 14:22:00,guest,192.168.1.16,UK,MacBook,1,14,1,0,0,14,1,0
2026-03-03 14:29:00,charlie,192.168.1.72,US,MacBook,1,14,1,0,0,7,0,0
2026-03-03 14:33:00,admin,192.168.1.139,DE,VPN-Client,1,14,1,0,0,5,1,0
2026-03-03 14:40:00,bob,192.168.1.102,UK,Desktop-PC,1,14,1,0,0,6,1,0
2026-03-03 14:48:00,charlie,192.168.1.32,FR,Windows-Laptop,1,14,1,0,0,7,1,0
2026-03-03 15:05:00,guest,192.168.1.194,DE,MacBook,1,15,1,0,0,14,1,0
2026-03-03 15:08:00,charlie,192.168.1.124,US,VPN-Client,1,15,1,0,0,7,1,0
2026-03-03 15:10:00,guest,192.168.1.122,FR,VPN-Client,1,15,1,0,0,14,1,0
2026-03-03 15:15:00,admin,192.168.1.191,FR,Windows-Laptop,1,15,1,0,0,5,0,0
2026-03-03 15:48:00,charlie,192.168.1.224,UK,MacBook,1,15,1,0,0,7,1,0
2026-03-03 16:25:00,admin,192.168.1.84,UK,MacBook,1,16,1,0,0,5,1,0
2026-03-03 16:38:00,charlie,192.168.1.28,UK,VPN-Client,1,16,1,0,0,7,1,0
2026-03-03 16:55:00,guest,192.168.1.118,US,Windows-Laptop,1,16,1,0,0,14,1,0
2026-03-03 16:55:00,alice,192.168.1.88,FR,Windows-Laptop,1,16,1,0,0,4,0,0
2026-03-03 17:06:00,guest,192.168.1.170,FR,VPN-Client,1,17,1,0,0,14,1,0
2026-03-03 17:20:00,bob,192.168.1.142,FR,VPN-Client,1,17,1,0,0,6,0,0
2026-03-03 17:44:00,bob,192.168.1.31,FR,MacBook,1,17,1,0,0,6,0,0
2026-03-03 17:50:00,alice,192.168.1.36,UK,Desktop-PC,1,17,1,0,0,4,1,0
2026-03-03 17:53:00,alice,192.168.1.103,US,Windows-Laptop,1,17,1,0,0,4,1,0
2026-03-03 18:24:00,admin,192.168.1.183,DE,MacBook,1,18,1,0,0,5,0,0
2026-03-03 18:39:00,charlie,192.168.1.120,DE,Windows-Laptop,1,18,1,0,0,7,1,0
2026-03-03 18:59:00,charlie,192.168.1.3,US,Windows-Laptop,1,18,1,0,0,7,1,0
2026-03-03 19:22:00,charlie,192.168.1.62,UK,Desktop-PC,1,19,1,0,0,7,1,0
2026-03-03 19:22:00,alice,192.168.1.11,FR,MacBook,0,19,1,0,1,5,1,0
2026-03-03 19:26:00,bob,192.168.1.40,FR,Windows-Laptop,1,19,1,0,0,6,1,0
2026-03-03 20:01:00,alice,192.168.1.151,DE,MacBook,1,20,1,0,0,5,0,0
2026-03-03 20:05:00,admin,192.168.1.24,DE,Desktop-PC,1,20,1,0,0,5,1,0
2026-03-03 20:34:00,admin,192.168.1.75,UK,VPN-Client,0,20,1,0,1,6,1,0
2026-03-03 20:56:00,charlie,192.168.1.133,US,MacBook,1,20,1,0,0,7,1,0
2026-03-03 21:03:00,guest,192.168.1.191,UK,MacBook,1,21,1,0,0,14,1,0
2026-03-03 21:06:00,guest,192.168.1.26,DE,Windows-Laptop,1,21,1,0,0,14,0,0
2026-03-03 21:24:00,guest,192.168.1.157,FR,Desktop-PC,1,21,1,0,0,14,0,0
2026-03-03 21:24:00,guest,192.168.1.198,DE,VPN-Client,1,21,1,0,0,14,1,0
2026-03-03 21:42:00,admin,192.168.1.118,FR,VPN-Client,1,21,1,0,0,6,1,0
2026-03-03 21:44:00,bob,192.168.1.203,FR,VPN-Client,1,21,1,0,0,6,1,0
2026-03-03 21:53:00,guest,192.168.1.133,UK,VPN-Client,0,21,1,0,1,15,0,0
2026-03-03 21:57:00,alice,192.168.1.157,DE,VPN-Client,1,21,1,0,0,5,1,0
2026-03-03 22:03:00,bob,192.168.1.240,US,Windows-Laptop,1,22,1,0,0,6,1,0
2026-03-03 22:17:00,bob,192.168.1.112,UK,VPN-Client,0,22,1,0,1,7,0,0
2026-03-03 22:34:00,admin,192.168.1.247,UK,VPN-Client,1,22,1,0,0,6,0,0
2026-03-03 22:53:00,charlie,192.168.1.10,US,Desktop-PC,1,22,1,0,0,7,0,0
2026-03-03 23:22:00,charlie,192.168.1.151,US,Windows-Laptop,1,23,1,1,0,7,1,0
2026-03-03 23:27:00,charlie,192.168.1.173,UK,Desktop-PC,1,23,1,1,0,7,1,0
2026-03-03 23:32:00,guest,192.168.1.193,DE,MacBook,1,23,1,1,0,15,1,0
2026-03-03 23:44:00,guest,192.168.1.63,DE,MacBook,1,23,1,1,0,15,1,0
2026-03-03 23:55:00,guest,192.168.1.40,UK,Windows-Laptop,1,23,1,1,0,15,1,0
2026-03-04 00:16:00,bob,192.168.1.178,US,Desktop-PC,1,0,2,1,0,7,1,0
2026-03-04 00:17:00,charlie,192.168.1.112,DE,MacBook,1,0,2,1,0,7,1,0
2026-03-04 00:24:00,alice,192.168.1.32,FR,VPN-Client,1,0,2,1,0,5,1,0
2026-03-04 00:33:00,admin,192.168.1.225,FR,VPN-Client,1,0,2,1,0,6,1,0
2026-03-04 00:52:00,bob,192.168.1.109,DE,VPN-Client,1,0,2,1,0,7,1,0
2026-03-04 00:52:00,alice,192.168.1.46,DE,Windows-Laptop,1,0,2,1,0,5,1,0
2026-03-04 01:08:00,bob,192.168.1.32,US,MacBook,1,1,2,1,0,7,1,0
2026-03-04 01:15:00,alice,192.168.1.45,DE,VPN-Client,1,1,2,1,0,5,1,0
2026-03-04 01:33:00,admin,192.168.1.22,UK,Desktop-PC,1,1,2,1,0,6,1,0
2026-03-04 01:33:00,guest,192.168.1.25,DE,MacBook,0,1,2,1,1,16,0,0
2026-03-04 01:41:00,bob,192.168.1.2,UK,Windows-Laptop,1,1,2,1,0,7,0,0
2026-03-04 02:00:00,admin,192.168.1.122,FR,VPN-Client,1,2,2,1,0,6,0,0
2026-03-04 02:01:00,bob,192.168.1.241,FR,Desktop-PC,1,2,2,1,0,7,1,0
2026-03-04 02:08:00,charlie,192.168.1.16,DE,Desktop-PC,1,2,2,1,0,7,0,0
2026-03-04 02:10:00,bob,198.51.100.99,CN,Unknown-Device,0,2,2,1,1,8,1,1
2026-03-04 02:25:00,charlie,192.168.1.56,UK,Desktop-PC,1,2,2,1,0,7,1,0
2026-03-04 02:46:00,charlie,192.168.1.116,DE,Windows-Laptop,1,2,2,1,0,7,1,0
2026-03-04 02:53:00,bob,192.168.1.72,FR,Desktop-PC,1,2,2,1,0,8,0,0
2026-03-04 02:57:00,alice,192.168.1.218,FR,Desktop-PC,0,2,2,1,1,6,1,0
2026-03-04 03:08:00,charlie,192.168.1.135,FR,Windows-Laptop,1,3,2,1,0,7,1,0
2026-03-04 03:10:00,bob,192.168.1.168,FR,Desktop-PC,0,3,2,1,1,9,1,0
2026-03-04 03:22:00,alice,192.168.1.28,DE,VPN-Client,1,3,2,1,0,6,1,0
2026-03-04 03:43:00,bob,192.168.1.23,DE,Desktop-PC,1,3,2,1,0,9,1,0
2026-03-04 03:58:00,admin,192.168.1.9,FR,Desktop-PC,1,3,2,1,0,6,0,0
2026-03-04 04:28:00,admin,192.168.1.65,FR,Windows-Laptop,1,4,2,1,0,6,1,0
2026-03-04 04:47:00,charlie,192.168.1.50,FR,MacBook,0,4,2,1,1,8,0,0
2026-03-04 04:47:00,alice,192.168.1.231,UK,Desktop-PC,1,4,2,1,0,6,0,0
2026-03-04 04:50:00,bob,192.168.1.150,UK,VPN-Client,1,4,2,1,0,9,0,0
2026-03-04 04:55:00,admin,192.168.1.217,DE,MacBook,1,4,2,1,0,6,1,0
2026-03-04 04:56:00,alice,192.168.1.145,US,VPN-Client,1,4,2,1,0,6,1,0
2026-03-04 05:00:00,guest,192.168.1.128,US,MacBook,1,5,2,1,0,16,0,0
2026-03-04 05:16:00,alice,192.168.1.1,DE,MacBook,1,5,2,1,0,6,1,0
2026-03-04 05:18:00,alice,192.168.1.27,FR,Windows-Laptop,1,5,2,1,0,6,0,0
2026-03-04 05:22:00,guest,192.168.1.108,US,MacBook,1,5,2,1,0,16,1,0
2026-03-04 05:37:00,admin,192.168.1.254,UK,MacBook,1,5,2,1,0,6,1,0
2026-03-04 05:42:00,bob,192.168.1.206,UK,MacBook,1,5,2,1,0,9,1,0
2026-03-04 05:46:00,alice,192.168.1.26,UK,Windows-Laptop,1,5,2,1,0,6,1,0
2026-03-04 05:52:00,alice,192.168.1.92,US,VPN-Client,1,5,2,1,0,6,1,0
2026-03-04 06:03:00,alice,192.168.1.129,US,VPN-Client,1,6,2,0,0,6,0,0
2026-03-04 06:20:00,admin,192.168.1.196,UK,MacBook,1,6,2,0,0,6,1,0
2026-03-04 06:47:00,alice,192.168.1.116,UK,Desktop-PC,1,6,2,0,0,6,1,0
2026-03-04 06:55:00,guest,192.168.1.206,DE,MacBook,0,6,2,0,1,17,1,0
2026-03-04 06:58:00,guest,192.168.1.169,UK,Desktop-PC,1,6,2,0,0,17,1,0
2026-03-04 07:08:00,charlie,192.168.1.249,US,MacBook,1,7,2,0,0,8,0,0
2026-03-04 07:34:00,admin,192.168.1.141,DE,MacBook,1,7,2,0,0,6,1,0
2026-03-04 07:51:00,bob,192.168.1.92,US,Desktop-PC,1,7,2,0,0,9,1,0
2026-03-04 07:52:00,alice,192.168.1.123,DE,MacBook,1,7,2,0,0,6,1,0
2026-03-04 08:05:00,bob,192.168.1.105,DE,Desktop-PC,1,8,2,0,0,9,1,0
2026-03-04 08:07:00,alice,192.168.1.87,UK,MacBook,1,8,2,0,0,6,0,0
2026-03-04 08:16:00,charlie,192.168.1.154,DE,Windows-Laptop,1,8,2,0,0,8,1,0
2026-03-04 08:21:00,bob,192.168.1.148,US,Desktop-PC,1,8,2,0,0,9,1,0
2026-03-04 08:24:00,admin,192.168.1.231,FR,Windows-Laptop,1,8,2,0,0,6,0,0
2026-03-04 08:26:00,guest,192.168.1.203,US,VPN-Client,1,8,2,0,0,17,1,0
2026-03-04 08:27:00,alice,192.168.1.76,DE,VPN-Client,1,8,2,0,0,6,1,0
2026-03-04 09:30:00,guest,192.168.1.167,DE,VPN-Client,0,9,2,0,1,18,1,0
2026-03-04 09:30:00,bob,192.168.1.87,UK,Desktop-PC,1,9,2,0,0,9,0,0
2026-03-04 09:30:00,bob,192.168.1.107,FR,VPN-Client,1,9,2,0,0,9,1,0
2026-03-04 09:33:00,charlie,192.168.1.101,US,MacBook,1,9,2,0,0,8,1,0
2026-03-04 09:50:00,charlie,192.168.1.84,DE,MacBook,1,9,2,0,0,8,1,0
2026-03-04 09:54:00,guest,192.168.1.7,DE,Windows-Laptop,0,9,2,0,1,19,1,0
2026-03-04 09:54:00,charlie,192.168.1.185,US,MacBook,1,9,2,0,0,8,1,0
2026-03-04 10:10:00,guest,192.168.1.127,FR,Desktop-PC,1,10,2,0,0,19,1,0
2026-03-04 10:11:00,admin,192.168.1.202,FR,Windows-Laptop,1,10,2,0,0,6,1,0
2026-03-04 10:23:00,admin,192.168.1.7,UK,Windows-Laptop,1,10,2,0,0,6,1,0
2026-03-04 10:25:00,charlie,192.168.1.247,UK,VPN-Client,1,10,2,0,0,8,0,0
2026-03-04 10:37:00,alice,192.168.1.128,US,Windows-Laptop,1,10,2,0,0,6,1,0
2026-03-04 10:52:00,alice,192.168.1.92,FR,VPN-Client,1,10,2,0,0,6,0,0
2026-03-04 11:03:00,guest,192.168.1.70,UK,Windows-Laptop,1,11,2,0,0,19,1,0
2026-03-04 11:06:00,bob,192.168.1.136,UK,MacBook,1,11,2,0,0,9,1,0
2026-03-04 11:15:00,bob,192.168.1.165,FR,VPN-Client,1,11,2,0,0,9,1,0
2026-03-04 11:34:00,bob,192.168.1.245,UK,VPN-Client,1,11,2,0,0,9,1,0
2026-03-04 11:37:00,admin,192.168.1.203,FR,MacBook,1,11,2,0,0,6,1,0
2026-03-04 11:52:00,bob,192.168.1.152,UK,Desktop-PC,1,11,2,0,0,9,1,0
2026-03-04 12:02:00,charlie,192.168.1.186,DE,VPN-Client,1,12,2,0,0,8,1,0
2026-03-04 12:04:00,charlie,192.168.1.168,DE,MacBook,0,12,2,0,1,9,1,0
2026-03-04 12:16:00,alice,192.168.1.112,US,MacBook,1,12,2,0,0,6,1,0
2026-03-04 12:23:00,bob,192.168.1.137,US,VPN-Client,0,12,2,0,1,10,1,0
2026-03-04 12:24:00,alice,192.168.1.31,DE,Windows-Laptop,0,12,2,0,1,7,1,0
2026-03-04 12:29:00,bob,192.168.1.162,US,VPN-Client,1,12,2,0,0,10,1,0
2026-03-04 12:33:00,bob,192.168.1.75,FR,MacBook,1,12,2,0,0,10,0,0
2026-03-04 12:36:00,guest,192.168.1.214,UK,Desktop-PC,1,12,2,0,0,19,1,0
2026-03-04 12:41:00,guest,192.168.1.145,DE,Windows-Laptop,1,12,2,0,0,19,1,0
2026-03-04 12:46:00,guest,192.168.1.119,US,VPN-Client,1,12,2,0,0,19,1,0
2026-03-04 12:56:00,admin,192.168.1.185,UK,VPN-Client,1,12,2,0,0,6,1,0
2026-03-04 13:03:00,admin,192.168.1.200,DE,Windows-Laptop,1,13,2,0,0,6,1,0
2026-03-04 13:09:00,alice,192.168.1.55,FR,Windows-Laptop,1,13,2,0,0,7,1,0
2026-03-04 13:25:00,guest,192.168.1.63,FR,Windows-Laptop,1,13,2,0,0,19,0,0
2026-03-04 13:48:00,charlie,192.168.1.199,FR,VPN-Client,1,13,2,0,0,9,1,0
2026-03-04 13:48:00,alice,192.168.1.126,DE,VPN-Client,1,13,2,0,0,7,1,0
2026-03-04 13:52:00,charlie,192.168.1.193,FR,VPN-Client,1,13,2,0,0,9,1,0
2026-03-04 14:00:00,alice,192.168.1.135,US,Desktop-PC,1,14,2,0,0,7,1,0
2026-03-04 14:17:00,charlie,192.168.1.178,US,Desktop-PC,1,14,2,0,0,9,1,0
2026-03-04 14:26:00,admin,192.168.1.131,FR,MacBook,1,14,2,0,0,6,1,0
2026-03-04 14:28:00,admin,192.168.1.156,FR,Windows-Laptop,1,14,2,0,0,6,1,0
2026-03-04 14:35:00,bob,192.168.1.64,UK,MacBook,1,14,2,0,0,10,1,0
2026-03-04 14:36:00,bob,192.168.1.71,US,VPN-Client,0,14,2,0,1,11,1,0
2026-03-04 14:39:00,bob,192.168.1.127,UK,VPN-Client,1,14,2,0,0,11,0,0
2026-03-04 14:42:00,bob,192.168.1.137,US,VPN-Client,1,14,2,0,0,11,0,0
2026-03-04 14:56:00,admin,192.168.1.243,US,Windows-Laptop,1,14,2,0,0,6,0,0
2026-03-04 15:06:00,charlie,192.168.1.244,DE,Windows-Laptop,1,15,2,0,0,9,1,0
2026-03-04 15:16:00,bob,192.168.1.30,FR,MacBook,0,15,2,0,1,12,0,0
2026-03-04 15:19:00,alice,192.168.1.65,US,VPN-Client,1,15,2,0,0,7,1,0
2026-03-04 15:30:00,guest,192.168.1.187,DE,Windows-Laptop,1,15,2,0,0,19,1,0
2026-03-04 15:33:00,admin,192.168.1.9,DE,Desktop-PC,1,15,2,0,0,6,0,0
2026-03-04 15:57:00,alice,192.168.1.144,FR,Desktop-PC,1,15,2,0,0,7,1,0
2026-03-04 16:15:00,charlie,192.168.1.133,DE,Desktop-PC,1,16,2,0,0,9,0,0
2026-03-04 16:31:00,guest,192.168.1.3,DE,Desktop-PC,1,16,2,0,0,19,1,0
2026-03-04 16:43:00,bob,192.168.1.102,FR,Desktop-PC,1,16,2,0,0,12,0,0
2026-03-04 16:46:00,alice,192.168.1.102,US,Desktop-PC,1,16,2,0,0,7,1,0
2026-03-04 17:00:00,charlie,192.168.1.221,FR,Windows-Laptop,1,17,2,0,0,9,1,0
2026-03-04 17:06:00,alice,192.168.1.72,DE,Windows-Laptop,1,17,2,0,0,7,1,0
2026-03-04 17:12:00,bob,192.168.1.200,UK,Desktop-PC,1,17,2,0,0,12,1,0
2026-03-04 17:37:00,admin,192.168.1.70,UK,Desktop-PC,1,17,2,0,0,6,1,0
2026-03-04 17:58:00,bob,192.168.1.244,DE,MacBook,1,17,2,0,0,12,1,0
2026-03-04 18:21:00,charlie,192.168.1.157,DE,Desktop-PC,1,18,2,0,0,9,0,0
2026-03-04 18:22:00,bob,192.168.1.166,UK,Windows-Laptop,1,18,2,0,0,12,1,0
2026-03-04 19:00:00,bob,192.168.1.254,UK,Desktop-PC,1,19,2,0,0,12,1,0
2026-03-04 19:01:00,charlie,192.168.1.34,US,Windows-Laptop,1,19,2,0,0,9,1,0
2026-03-04 19:07:00,admin,192.168.1.11,DE,Windows-Laptop,1,19,2,0,0,6,1,0
2026-03-04 19:33:00,bob,192.168.1.155,US,VPN-Client,1,19,2,0,0,12,1,0
2026-03-04 19:36:00,charlie,192.168.1.148,US,Desktop-PC,1,19,2,0,0,9,0,0
2026-03-04 19:58:00,charlie,192.168.1.35,US,VPN-Client,1,19,2,0,0,9,1,0
2026-03-04 20:12:00,bob,192.168.1.83,US,VPN-Client,1,20,2,0,0,12,1,0
2026-03-04 20:22:00,guest,192.168.1.213,UK,MacBook,1,20,2,0,0,19,1,0
2026-03-04 20:43:00,guest,192.168.1.157,US,VPN-Client,1,20,2,0,0,19,0,0
2026-03-04 20:54:00,guest,192.168.1.84,UK,MacBook,1,20,2,0,0,19,1,0
2026-03-04 21:02:00,alice,192.168.1.207,UK,VPN-Client,1,21,2,0,0,7,1,0
2026-03-04 21:03:00,charlie,192.168.1.182,UK,Desktop-PC,1,21,2,0,0,9,1,0
2026-03-04 21:34:00,alice,192.168.1.164,UK,Desktop-PC,1,21,2,0,0,7,1,0
2026-03-04 21:38:00,bob,192.168.1.212,UK,MacBook,1,21,2,0,0,12,0,0
2026-03-04 21:46:00,bob,192.168.1.10,DE,Windows-Laptop,1,21,2,0,0,12,0,0
2026-03-04 21:56:00,alice,192.168.1.200,DE,VPN-Client,1,21,2,0,0,7,1,0
2026-03-04 21:58:00,guest,192.168.1.164,DE,VPN-Client,1,21,2,0,0,19,0,0
2026-03-04 22:22:00,charlie,192.168.1.33,FR,VPN-Client,0,22,2,0,1,10,1,0
2026-03-04 22:22:00,alice,192.168.1.109,FR,Desktop-PC,1,22,2,0,0,7,1,0
2026-03-04 23:00:00,guest,192.168.1.195,DE,MacBook,1,23,2,1,0,19,1,0
2026-03-04 23:01:00,charlie,192.168.1.72,UK,VPN-Client,1,23,2,1,0,10,0,0
2026-03-04 23:03:00,admin,192.168.1.78,US,MacBook,1,23,2,1,0,6,1,0
2026-03-04 23:10:00,bob,192.168.1.173,UK,Desktop-PC,1,23,2,1,0,12,1,0
2026-03-04 23:40:00,charlie,192.168.1.154,FR,Windows-Laptop,1,23,2,1,0,10,0,0
2026-03-04 23:50:00,charlie,192.168.1.64,US,Desktop-PC,1,23,2,1,0,10,1,0
2026-03-04 23:53:00,bob,192.168.1.39,DE,VPN-Client,1,23,2,1,0,12,1,0
2026-03-04 23:56:00,admin,192.168.1.58,FR,Desktop-PC,1,23,2,1,0,6,1,0
2026-03-04 23:59:00,alice,192.168.1.60,UK,Windows-Laptop,1,23,2,1,0,7,0,0
2026-03-05 00:06:00,charlie,192.168.1.46,US,MacBook,1,0,3,1,0,10,1,0
2026-03-05 00:08:00,bob,192.168.1.9,DE,Windows-Laptop,1,0,3,1,0,12,1,0
2026-03-05 00:21:00,alice,192.168.1.169,FR,Desktop-PC,1,0,3,1,0,7,1,0
2026-03-05 00:21:00,charlie,192.168.1.210,US,VPN-Client,1,0,3,1,0,10,1,0
2026-03-05 00:27:00,admin,192.168.1.148,UK,VPN-Client,1,0,3,1,0,6,1,0
2026-03-05 00:30:00,bob,192.168.1.230,FR,Desktop-PC,1,0,3,1,0,12,1,0
2026-03-05 00:31:00,admin,192.168.1.108,US,VPN-Client,1,0,3,1,0,6,1,0
2026-03-05 00:36:00,guest,192.168.1.252,UK,Desktop-PC,1,0,3,1,0,19,1,0
2026-03-05 00:43:00,charlie,192.168.1.28,FR,MacBook,1,0,3,1,0,10,0,0
2026-03-05 00:49:00,alice,192.168.1.229,DE,VPN-Client,1,0,3,1,0,7,1,0
2026-03-05 00:51:00,alice,192.168.1.13,FR,Windows-Laptop,1,0,3,1,0,7,1,0
2026-03-05 00:52:00,bob,192.168.1.170,DE,VPN-Client,0,0,3,1,1,13,1,0
2026-03-05 00:57:00,guest,192.168.1.46,FR,Windows-Laptop,1,0,3,1,0,19,0,0
2026-03-05 01:08:00,alice,192.168.1.129,UK,VPN-Client,0,1,3,1,1,8,0,0
2026-03-05 01:24:00,guest,192.168.1.209,US,VPN-Client,0,1,3,1,1,20,1,0
2026-03-05 01:25:00,charlie,192.168.1.158,UK,Windows-Laptop,1,1,3,1,0,10,1,0
2026-03-05 01:26:00,admin,192.168.1.2,FR,Desktop-PC,1,1,3,1,0,6,1,0
2026-03-05 01:39:00,bob,192.168.1.231,FR,Desktop-PC,1,1,3,1,0,13,1,0
2026-03-05 01:43:00,charlie,192.168.1.128,FR,Desktop-PC,1,1,3,1,0,10,1,0
2026-03-05 01:43:00,bob,192.168.1.142,DE,Desktop-PC,1,1,3,1,0,13,0,0
2026-03-05 01:49:00,charlie,192.168.1.46,UK,Windows-Laptop,1,1,3,1,0,10,0,0
2026-03-05 02:04:00,alice,192.168.1.102,FR,Desktop-PC,1,2,3,1,0,8,0,0
2026-03-05 02:05:00,charlie,192.168.1.106,DE,MacBook,1,2,3,1,0,10,1,0
2026-03-05 02:05:00,alice,192.168.1.92,FR,VPN-Client,1,2,3,1,0,8,0,0
2026-03-05 02:12:00,alice,192.168.1.93,UK,VPN-Client,1,2,3,1,0,8,1,0
2026-03-05 02:18:00,charlie,192.168.1.232,UK,Desktop-PC,1,2,3,1,0,10,1,0
2026-03-05 02:38:00,admin,192.168.1.137,DE,Windows-Laptop,1,2,3,1,0,6,1,0
2026-03-05 02:41:00,bob,192.168.1.237,UK,Desktop-PC,1,2,3,1,0,13,0,0
2026-03-05 02:45:00,guest,192.168.1.199,FR,VPN-Client,1,2,3,1,0,20,1,0
2026-03-05 03:22:00,charlie,192.168.1.81,DE,Windows-Laptop,1,3,3,1,0,10,1,0
2026-03-05 03:31:00,guest,192.168.1.65,FR,VPN-Client,0,3,3,1,1,21,0,0
2026-03-05 04:04:00,bob,192.168.1.174,FR,VPN-Client,1,4,3,1,0,13,1,0
2026-03-05 04:09:00,alice,192.168.1.41,UK,Windows-Laptop,1,4,3,1,0,8,1,0
2026-03-05 04:30:00,alice,192.168.1.226,DE,Windows-Laptop,1,4,3,1,0,8,0,0
2026-03-05 04:33:00,guest,192.168.1.235,UK,MacBook,1,4,3,1,0,21,1,0
2026-03-05 04:45:00,admin,192.168.1.15,DE,Windows-Laptop,1,4,3,1,0,6,0,0
2026-03-05 04:49:00,bob,192.168.1.200,US,Desktop-PC,1,4,3,1,0,13,0,0
2026-03-05 04:57:00,bob,192.168.1.210,FR,Windows-Laptop,1,4,3,1,0,13,1,0
2026-03-05 04:58:00,alice,192.168.1.76,US,Windows-Laptop,1,4,3,1,0,8,0,0
2026-03-05 04:59:00,guest,192.168.1.91,US,Windows-Laptop,0,4,3,1,1,22,1,0
2026-03-05 05:07:00,alice,192.168.1.67,DE,MacBook,0,5,3,1,1,9,0,0
2026-03-05 05:10:00,alice,192.168.1.142,DE,MacBook,1,5,3,1,0,9,0,0
2026-03-05 05:25:00,bob,192.168.1.42,US,Desktop-PC,1,5,3,1,0,13,1,0
2026-03-05 05:54:00,charlie,192.168.1.151,US,Windows-Laptop,1,5,3,1,0,10,0,0
2026-03-05 06:09:00,bob,192.168.1.7,US,Desktop-PC,1,6,3,0,0,13,0,0
2026-03-05 06:19:00,alice,192.168.1.240,US,Windows-Laptop,1,6,3,0,0,9,1,0
2026-03-05 06:24:00,alice,192.168.1.145,UK,VPN-Client,1,6,3,0,0,9,0,0
2026-03-05 07:06:00,guest,192.168.1.117,UK,MacBook,0,7,3,0,1,23,0,0
2026-03-05 07:09:00,guest,192.168.1.212,US,Desktop-PC,1,7,3,0,0,23,1,0
2026-03-05 07:20:00,admin,192.168.1.240,FR,VPN-Client,1,7,3,0,0,6,0,0
2026-03-05 07:30:00,bob,192.168.1.83,US,MacBook,1,7,3,0,0,13,0,0
2026-03-05 08:00:00,admin,192.168.1.57,DE,Windows-Laptop,1,8,3,0,0,6,1,0
2026-03-05 08:00:00,charlie,192.168.1.31,US,Desktop-PC,1,8,3,0,0,10,1,0
2026-03-05 08:12:00,bob,192.168.1.170,UK,Desktop-PC,1,8,3,0,0,13,0,0
2026-03-05 08:20:00,alice,192.168.1.81,FR,Windows-Laptop,1,8,3,0,0,9,1,0
2026-03-05 08:20:00,admin,192.168.1.221,UK,Windows-Laptop,1,8,3,0,0,6,1,0
2026-03-05 08:22:00,charlie,192.168.1.51,US,MacBook,1,8,3,0,0,10,1,0
2026-03-05 08:33:00,bob,192.168.1.56,DE,MacBook,1,8,3,0,0,13,1,0
2026-03-05 08:38:00,bob,192.168.1.6,DE,MacBook,1,8,3,0,0,13,0,0
2026-03-05 08:50:00,bob,192.168.1.16,UK,Desktop-PC,1,8,3,0,0,13,0,0
2026-03-05 09:09:00,admin,192.168.1.64,UK,MacBook,1,9,3,0,0,6,1,0
2026-03-05 09:14:00,charlie,192.168.1.88,FR,MacBook,1,9,3,0,0,10,1,0
2026-03-05 09:15:00,charlie,192.168.1.241,UK,VPN-Client,1,9,3,0,0,10,0,0
2026-03-05 09:19:00,alice,192.168.1.179,DE,Windows-Laptop,1,9,3,0,0,9,1,0
2026-03-05 09:51:00,guest,192.168.1.110,DE,Windows-Laptop,1,9,3,0,0,23,1,0
2026-03-05 10:02:00,bob,192.168.1.197,FR,Windows-Laptop,1,10,3,0,0,13,1,0
2026-03-05 10:02:00,alice,192.168.1.4,FR,Desktop-PC,0,10,3,0,1,10,1,0
2026-03-05 10:22:00,guest,192.168.1.121,US,VPN-Client,1,10,3,0,0,23,0,0
2026-03-05 10:35:00,admin,192.168.1.63,US,Desktop-PC,0,10,3,0,1,7,1,0
2026-03-05 10:42:00,alice,192.168.1.180,FR,MacBook,1,10,3,0,0,10,0,0
2026-03-05 10:42:00,bob,192.168.1.44,DE,Windows-Laptop,1,10,3,0,0,13,1,0
2026-03-05 10:59:00,guest,192.168.1.199,DE,Desktop-PC,1,10,3,0,0,23,0,0
2026-03-05 11:04:00,bob,192.168.1.219,DE,Desktop-PC,1,11,3,0,0,13,0,0
2026-03-05 11:06:00,alice,192.168.1.74,FR,VPN-Client,1,11,3,0,0,10,1,0
2026-03-05 11:12:00,alice,192.168.1.171,FR,MacBook,1,11,3,0,0,10,0,0
2026-03-05 11:42:00,alice,192.168.1.42,FR,Desktop-PC,1,11,3,0,0,10,1,0
2026-03-05 11:51:00,charlie,192.168.1.86,FR,MacBook,1,11,3,0,0,10,1,0
2026-03-05 11:59:00,admin,192.168.1.76,UK,Windows-Laptop,1,11,3,0,0,7,1,0
2026-03-05 12:09:00,guest,192.168.1.100,DE,MacBook,0,12,3,0,1,24,1,0
2026-03-05 12:16:00,bob,192.168.1.252,US,VPN-Client,1,12,3,0,0,13,1,0
2026-03-05 12:19:00,admin,192.168.1.76,UK,MacBook,1,12,3,0,0,7,0,0
2026-03-05 12:19:00,charlie,192.168.1.160,DE,Desktop-PC,1,12,3,0,0,10,1,0
2026-03-05 12:21:00,admin,192.168.1.228,DE,Windows-Laptop,1,12,3,0,0,7,1,0
2026-03-05 12:39:00,charlie,192.168.1.87,UK,Windows-Laptop,1,12,3,0,0,10,1,0
2026-03-05 13:11:00,alice,192.168.1.136,US,Desktop-PC,1,13,3,0,0,10,0,0
2026-03-05 13:13:00,alice,192.168.1.173,UK,Windows-Laptop,1,13,3,0,0,10,1,0
2026-03-05 13:30:00,bob,192.168.1.218,UK,MacBook,1,13,3,0,0,13,1,0
2026-03-05 13:34:00,guest,192.168.1.76,DE,MacBook,1,13,3,0,0,24,1,0
2026-03-05 13:45:00,bob,192.168.1.140,DE,MacBook,1,13,3,0,0,13,1,0
2026-03-05 14:01:00,alice,192.168.1.146,UK,Windows-Laptop,1,14,3,0,0,10,0,0
2026-03-05 14:02:00,alice,192.168.1.195,DE,VPN-Client,1,14,3,0,0,10,0,0
2026-03-05 14:04:00,alice,192.168.1.62,DE,MacBook,1,14,3,0,0,10,1,0
2026-03-05 14:16:00,admin,192.168.1.104,FR,Desktop-PC,1,14,3,0,0,7,1,0
2026-03-05 14:27:00,admin,192.168.1.175,FR,Windows-Laptop,1,14,3,0,0,7,1,0
2026-03-05 14:32:00,alice,192.168.1.153,US,Desktop-PC,1,14,3,0,0,10,1,0
2026-03-05 15:03:00,alice,192.168.1.144,FR,Windows-Laptop,1,15,3,0,0,10,0,0
2026-03-05 15:03:00,admin,192.168.1.9,US,Desktop-PC,1,15,3,0,0,7,0,0
2026-03-05 15:20:00,admin,192.168.1.213,UK,Windows-Laptop,1,15,3,0,0,7,1,0
2026-03-05 15:53:00,alice,192.168.1.111,FR,Windows-Laptop,1,15,3,0,0,10,1,0
2026-03-05 16:20:00,charlie,192.168.1.172,DE,MacBook,1,16,3,0,0,10,1,0
2026-03-05 16:24:00,guest,192.168.1.229,US,Windows-Laptop,1,16,3,0,0,24,1,0
2026-03-05 16:26:00,charlie,192.168.1.190,UK,VPN-Client,1,16,3,0,0,10,1,0
2026-03-05 16:33:00,alice,192.168.1.236,FR,Windows-Laptop,1,16,3,0,0,10,1,0
2026-03-05 16:51:00,alice,192.168.1.26,UK,Desktop-PC,1,16,3,0,0,10,0,0
2026-03-05 17:12:00,admin,192.168.1.74,FR,Desktop-PC,1,17,3,0,0,7,1,0
2026-03-05 17:13:00,charlie,192.168.1.88,UK,VPN-Client,1,17,3,0,0,10,0,0
2026-03-05 17:23:00,bob,192.168.1.40,UK,Desktop-PC,1,17,3,0,0,13,0,0
2026-03-05 17:31:00,admin,192.168.1.81,UK,Windows-Laptop,1,17,3,0,0,7,1,0
2026-03-05 17:37:00,alice,192.168.1.23,UK,VPN-Client,1,17,3,0,0,10,0,0
2026-03-05 17:40:00,charlie,192.168.1.49,DE,Windows-Laptop,1,17,3,0,0,10,1,0
2026-03-05 17:41:00,alice,192.168.1.42,US,VPN-Client,1,17,3,0,0,10,0,0
2026-03-05 17:42:00,alice,192.168.1.248,DE,MacBook,1,17,3,0,0,10,0,0
2026-03-05 17:46:00,bob,192.168.1.120,FR,Desktop-PC,1,17,3,0,0,13,1,0
2026-03-05 17:59:00,admin,192.168.1.8,US,MacBook,1,17,3,0,0,7,1,0
2026-03-05 18:13:00,guest,192.168.1.55,DE,Windows-Laptop,1,18,3,0,0,24,1,0
2026-03-05 18:24:00,charlie,192.168.1.89,UK,Windows-Laptop,1,18,3,0,0,10,0,0
2026-03-05 18:39:00,alice,192.168.1.211,DE,MacBook,1,18,3,0,0,10,1,0
2026-03-05 19:06:00,charlie,192.168.1.203,UK,MacBook,0,19,3,0,1,11,1,0
2026-03-05 19:27:00,bob,192.168.1.50,UK,Desktop-PC,1,19,3,0,0,13,1,0
2026-03-05 19:35:00,alice,192.168.1.113,DE,Windows-Laptop,1,19,3,0,0,10,0,0
2026-03-05 19:37:00,admin,192.168.1.86,DE,Desktop-PC,1,19,3,0,0,7,0,0
2026-03-05 19:47:00,bob,192.168.1.108,UK,VPN-Client,1,19,3,0,0,13,0,0
2026-03-05 19:50:00,charlie,192.168.1.190,FR,MacBook,1,19,3,0,0,11,0,0
2026-03-05 20:10:00,admin,192.168.1.110,US,MacBook,1,20,3,0,0,7,0,0
2026-03-05 20:14:00,bob,192.168.1.188,UK,Windows-Laptop,1,20,3,0,0,13,1,0
2026-03-05 20:15:00,bob,192.168.1.240,US,Windows-Laptop,1,20,3,0,0,13,0,0
2026-03-05 20:29:00,admin,192.168.1.103,DE,MacBook,0,20,3,0,1,8,0,0
2026-03-05 20:30:00,charlie,192.168.1.247,US,VPN-Client,1,20,3,0,0,11,0,0
2026-03-05 20:33:00,bob,192.168.1.239,UK,VPN-Client,0,20,3,0,1,14,0,0
2026-03-05 21:19:00,admin,192.168.1.63,FR,Desktop-PC,1,21,3,0,0,8,0,0
2026-03-05 21:24:00,bob,192.168.1.38,DE,Windows-Laptop,1,21,3,0,0,14,0,0
2026-03-05 21:28:00,alice,192.168.1.221,FR,Windows-Laptop,1,21,3,0,0,10,1,0
2026-03-05 21:31:00,admin,192.168.1.83,US,Windows-Laptop,1,21,3,0,0,8,1,0
2026-03-05 21:49:00,alice,192.168.1.124,UK,Windows-Laptop,0,21,3,0,1,11,0,0
2026-03-05 21:56:00,charlie,192.168.1.12,US,VPN-Client,1,21,3,0,0,11,1,0
2026-03-05 22:15:00,alice,192.168.1.236,FR,VPN-Client,1,22,3,0,0,11,0,0
2026-03-05 22:15:00,alice,192.168.1.133,UK,VPN-Client,1,22,3,0,0,11,1,0
2026-03-05 22:17:00,bob,192.168.1.30,US,Windows-Laptop,1,22,3,0,0,14,0,0
2026-03-05 22:18:00,guest,192.168.1.219,DE,MacBook,1,22,3,0,0,24,1,0
2026-03-05 22:20:00,charlie,192.168.1.200,FR,VPN-Client,1,22,3,0,0,11,1,0
2026-03-05 22:27:00,bob,192.168.1.67,DE,VPN-Client,1,22,3,0,0,14,1,0
2026-03-05 22:30:00,admin,192.168.1.21,UK,MacBook,1,22,3,0,0,8,1,0
2026-03-05 22:40:00,bob,192.168.1.147,UK,Windows-Laptop,0,22,3,0,1,15,1,0
2026-03-05 22:40:00,bob,192.168.1.16,UK,MacBook,1,22,3,0,0,15,0,0
2026-03-05 22:43:00,guest,192.168.1.7,DE,Windows-Laptop,1,22,3,0,0,24,0,0
2026-03-05 22:53:00,admin,192.168.1.2,UK,VPN-Client,1,22,3,0,0,8,0,0
2026-03-05 22:59:00,alice,192.168.1.59,FR,Windows-Laptop,1,22,3,0,0,11,1,0
2026-03-05 23:15:00,admin,192.168.1.236,FR,Desktop-PC,1,23,3,1,0,8,1,0
2026-03-05 23:22:00,admin,192.168.1.207,FR,Desktop-PC,1,23,3,1,0,8,0,0
2026-03-05 23:30:00,bob,192.168.1.26,US,Desktop-PC,0,23,3,1,1,16,0,0
2026-03-05 23:48:00,charlie,192.168.1.103,DE,Windows-Laptop,1,23,3,1,0,11,0,0
2026-03-05 23:55:00,charlie,192.168.1.155,UK,VPN-Client,1,23,3,1,0,11,1,0
2026-03-06 00:00:00,charlie,192.168.1.165,FR,Windows-Laptop,1,0,4,1,0,11,1,0
2026-03-06 00:10:00,charlie,192.168.1.158,DE,Windows-Laptop,1,0,4,1,0,11,0,0
2026-03-06 00:11:00,charlie,192.168.1.25,FR,VPN-Client,1,0,4,1,0,11,0,0
2026-03-06 00:29:00,alice,192.168.1.21,FR,Windows-Laptop,0,0,4,1,1,12,1,0
2026-03-06 00:37:00,admin,192.168.1.214,DE,Desktop-PC,1,0,4,1,0,8,1,0
2026-03-06 00:39:00,charlie,192.168.1.164,DE,Desktop-PC,1,0,4,1,0,11,1,0
2026-03-06 00:40:00,guest,192.168.1.178,UK,Desktop-PC,1,0,4,1,0,24,1,0
2026-03-06 00:44:00,alice,192.168.1.74,FR,VPN-Client,1,0,4,1,0,12,0,0
2026-03-06 01:07:00,charlie,192.168.1.148,US,MacBook,0,1,4,1,1,12,0,0
2026-03-06 01:39:00,admin,192.168.1.150,UK,VPN-Client,1,1,4,1,0,8,1,0
2026-03-06 01:58:00,charlie,192.168.1.126,UK,MacBook,1,1,4,1,0,12,1,0
2026-03-06 02:09:00,bob,192.168.1.29,FR,MacBook,1,2,4,1,0,16,1,0
2026-03-06 02:11:00,charlie,192.168.1.148,FR,VPN-Client,1,2,4,1,0,12,0,0
2026-03-06 02:20:00,guest,192.168.1.163,DE,Windows-Laptop,1,2,4,1,0,24,1,0
2026-03-06 02:30:00,alice,192.168.1.8,DE,VPN-Client,1,2,4,1,0,12,1,0
2026-03-06 02:32:00,guest,192.168.1.254,US,VPN-Client,1,2,4,1,0,24,1,0
2026-03-06 02:35:00,admin,192.168.1.121,DE,MacBook,1,2,4,1,0,8,0,0
2026-03-06 02:35:00,alice,192.168.1.89,US,Windows-Laptop,1,2,4,1,0,12,1,0
2026-03-06 02:38:00,charlie,192.168.1.199,UK,Windows-Laptop,1,2,4,1,0,12,0,0
2026-03-06 02:54:00,admin,192.168.1.178,UK,Windows-Laptop,1,2,4,1,0,8,1,0
2026-03-06 03:08:00,charlie,192.168.1.179,UK,VPN-Client,1,3,4,1,0,12,0,0
2026-03-06 03:17:00,alice,192.168.1.201,FR,MacBook,1,3,4,1,0,12,0,0
2026-03-06 03:31:00,bob,192.168.1.198,UK,VPN-Client,1,3,4,1,0,16,1,0
2026-03-06 03:33:00,charlie,192.168.1.65,FR,VPN-Client,1,3,4,1,0,12,1,0
2026-03-06 03:41:00,charlie,192.168.1.165,FR,Windows-Laptop,1,3,4,1,0,12,0,0
2026-03-06 04:10:00,alice,192.168.1.134,UK,Desktop-PC,1,4,4,1,0,12,1,0
2026-03-06 04:15:00,bob,192.168.1.90,FR,Desktop-PC,1,4,4,1,0,16,1,0
2026-03-06 04:43:00,bob,192.168.1.85,US,Desktop-PC,1,4,4,1,0,16,0,0
2026-03-06 05:16:00,alice,192.168.1.28,DE,VPN-Client,1,5,4,1,0,12,0,0
2026-03-06 05:49:00,alice,192.168.1.54,UK,MacBook,1,5,4,1,0,12,1,0
2026-03-06 05:54:00,admin,192.168.1.142,FR,VPN-Client,1,5,4,1,0,8,1,0
2026-03-06 06:02:00,alice,192.168.1.9,UK,Windows-Laptop,1,6,4,0,0,12,1,0
2026-03-06 06:04:00,bob,192.168.1.30,DE,VPN-Client,1,6,4,0,0,16,0,0
2026-03-06 06:05:00,charlie,192.168.1.196,UK,Desktop-PC,1,6,4,0,0,12,1,0
2026-03-06 06:18:00,alice,192.168.1.251,US,VPN-Client,1,6,4,0,0,12,1,0
2026-03-06 06:18:00,guest,192.168.1.218,US,Windows-Laptop,1,6,4,0,0,24,0,0
2026-03-06 06:25:00,guest,192.168.1.202,FR,VPN-Client,1,6,4,0,0,24,1,0
2026-03-06 06:39:00,alice,192.168.1.107,FR,Windows-Laptop,1,6,4,0,0,12,1,0
2026-03-06 06:40:00,admin,192.168.1.8,UK,Windows-Laptop,1,6,4,0,0,8,0,0
2026-03-06 06:42:00,bob,192.168.1.23,FR,VPN-Client,1,6,4,0,0,16,0,0
2026-03-06 06:43:00,charlie,192.168.1.163,UK,Windows-Laptop,1,6,4,0,0,12,0,0
2026-03-06 07:10:00,bob,192.168.1.76,DE,Desktop-PC,1,7,4,0,0,16,1,0
2026-03-06 07:12:00,alice,192.168.1.2,UK,VPN-Client,1,7,4,0,0,12,1,0
2026-03-06 07:46:00,alice,192.168.1.231,US,MacBook,1,7,4,0,0,12,0,0
2026-03-06 07:48:00,guest,192.168.1.185,UK,MacBook,1,7,4,0,0,24,1,0
2026-03-06 07:55:00,bob,192.168.1.189,UK,Windows-Laptop,1,7,4,0,0,16,0,0
2026-03-06 07:57:00,bob,192.168.1.100,US,Windows-Laptop,1,7,4,0,0,16,0,0
2026-03-06 08:01:00,admin,192.168.1.76,DE,MacBook,1,8,4,0,0,8,0,0
2026-03-06 08:23:00,guest,192.168.1.138,FR,Desktop-PC,1,8,4,0,0,24,1,0
2026-03-06 08:27:00,bob,192.168.1.121,US,Desktop-PC,1,8,4,0,0,16,0,0
2026-03-06 08:28:00,bob,192.168.1.211,DE,Windows-Laptop,1,8,4,0,0,16,1,0
2026-03-06 08:34:00,guest,192.168.1.136,DE,Desktop-PC,1,8,4,0,0,24,1,0
2026-03-06 08:54:00,guest,192.168.1.52,DE,Windows-Laptop,0,8,4,0,1,25,1,0
2026-03-06 09:07:00,bob,192.168.1.168,FR,Windows-Laptop,1,9,4,0,0,16,0,0
2026-03-06 09:19:00,guest,192.168.1.89,DE,Desktop-PC,1,9,4,0,0,25,1,0
2026-03-06 09:30:00,bob,192.168.1.66,DE,Windows-Laptop,0,9,4,0,1,17,1,0
2026-03-06 09:31:00,bob,192.168.1.253,UK,VPN-Client,1,9,4,0,0,17,1,0
2026-03-06 09:49:00,charlie,192.168.1.39,US,VPN-Client,1,9,4,0,0,12,0,0
2026-03-06 09:51:00,charlie,192.168.1.213,DE,Desktop-PC,0,9,4,0,1,13,1,0
2026-03-06 09:58:00,alice,192.168.1.252,UK,VPN-Client,1,9,4,0,0,12,1,0
2026-03-06 10:10:00,admin,192.168.1.100,UK,Desktop-PC,1,10,4,0,0,8,1,0
2026-03-06 10:25:00,bob,192.168.1.73,DE,MacBook,1,10,4,0,0,17,1,0
2026-03-06 10:28:00,alice,192.168.1.245,DE,Desktop-PC,1,10,4,0,0,12,1,0
2026-03-06 10:34:00,admin,192.168.1.148,FR,MacBook,1,10,4,0,0,8,0,0
2026-03-06 10:45:00,alice,192.168.1.196,UK,Desktop-PC,1,10,4,0,0,12,0,0
2026-03-06 10:45:00,bob,192.168.1.187,UK,Windows-Laptop,1,10,4,0,0,17,1,0
2026-03-06 11:16:00,bob,192.168.1.25,UK,MacBook,1,11,4,0,0,17,1,0
2026-03-06 11:28:00,admin,192.168.1.7,FR,VPN-Client,1,11,4,0,0,8,0,0
2026-03-06 11:32:00,guest,192.168.1.76,FR,MacBook,1,11,4,0,0,25,0,0
2026-03-06 11:38:00,bob,192.168.1.128,DE,Windows-Laptop,1,11,4,0,0,17,1,0
2026-03-06 11:43:00,admin,192.168.1.91,FR,Desktop-PC,1,11,4,0,0,8,1,0
2026-03-06 11:54:00,guest,192.168.1.28,US,MacBook,1,11,4,0,0,25,1,0
2026-03-06 12:07:00,admin,192.168.1.211,DE,Windows-Laptop,1,12,4,0,0,8,1,0
2026-03-06 12:19:00,guest,192.168.1.113,UK,MacBook,1,12,4,0,0,25,1,0
2026-03-06 12:28:00,charlie,192.168.1.249,US,Windows-Laptop,1,12,4,0,0,13,0,0
2026-03-06 12:36:00,admin,192.168.1.136,US,Windows-Laptop,1,12,4,0,0,8,1,0
2026-03-06 12:41:00,alice,192.168.1.135,US,Desktop-PC,1,12,4,0,0,12,0,0
2026-03-06 12:43:00,guest,192.168.1.152,UK,Desktop-PC,1,12,4,0,0,25,1,0
2026-03-06 12:49:00,guest,192.168.1.175,UK,Desktop-PC,1,12,4,0,0,25,1,0
2026-03-06 13:16:00,bob,192.168.1.207,UK,Desktop-PC,1,13,4,0,0,17,1,0
2026-03-06 13:16:00,guest,192.168.1.70,FR,MacBook,1,13,4,0,0,25,0,0
2026-03-06 13:18:00,charlie,192.168.1.121,FR,MacBook,1,13,4,0,0,13,1,0
2026-03-06 13:20:00,charlie,192.168.1.55,DE,VPN-Client,1,13,4,0,0,13,1,0
2026-03-06 13:38:00,admin,192.168.1.142,UK,Windows-Laptop,1,13,4,0,0,8,0,0
2026-03-06 13:48:00,charlie,192.168.1.156,DE,MacBook,1,13,4,0,0,13,1,0
2026-03-06 13:56:00,admin,192.168.1.211,UK,Desktop-PC,0,13,4,0,1,9,0,0
2026-03-06 14:08:00,bob,192.168.1.64,FR,Windows-Laptop,1,14,4,0,0,17,0,0
2026-03-06 14:11:00,bob,192.168.1.111,DE,MacBook,1,14,4,0,0,17,1,0
2026-03-06 14:26:00,alice,192.168.1.214,DE,Desktop-PC,1,14,4,0,0,12,1,0
2026-03-06 14:48:00,bob,192.168.1.153,US,MacBook,1,14,4,0,0,17,1,0
2026-03-06 14:56:00,bob,192.168.1.24,DE,MacBook,1,14,4,0,0,17,1,0
2026-03-06 15:24:00,alice,192.168.1.98,US,VPN-Client,1,15,4,0,0,12,0,0
2026-03-06 15:35:00,alice,192.168.1.199,US,MacBook,1,15,4,0,0,12,1,0
2026-03-06 15:41:00,charlie,192.168.1.68,UK,Windows-Laptop,1,15,4,0,0,13,1,0
2026-03-06 15:49:00,guest,192.168.1.2,UK,MacBook,0,15,4,0,1,26,1,0
2026-03-06 15:54:00,charlie,192.168.1.168,UK,MacBook,1,15,4,0,0,13,0,0
2026-03-06 16:06:00,bob,192.168.1.29,US,VPN-Client,1,16,4,0,0,17,0,0
2026-03-06 16:15:00,alice,192.168.1.72,US,VPN-Client,1,16,4,0,0,12,0,0
2026-03-06 16:18:00,guest,192.168.1.26,UK,Windows-Laptop,1,16,4,0,0,26,0,0
2026-03-06 16:22:00,charlie,192.168.1.200,DE,MacBook,1,16,4,0,0,13,0,0
2026-03-06 16:33:00,alice,192.168.1.126,FR,MacBook,1,16,4,0,0,12,0,0
2026-03-06 16:35:00,guest,192.168.1.251,US,VPN-Client,1,16,4,0,0,26,1,0
2026-03-06 16:42:00,guest,192.168.1.122,UK,VPN-Client,1,16,4,0,0,26,0,0
2026-03-06 16:45:00,bob,192.168.1.198,US,MacBook,1,16,4,0,0,17,0,0
2026-03-06 17:18:00,admin,192.168.1.11,FR,MacBook,1,17,4,0,0,9,0,0
2026-03-06 17:20:00,alice,192.168.1.247,FR,MacBook,1,17,4,0,0,12,1,0
2026-03-06 17:25:00,bob,192.168.1.70,FR,VPN-Client,1,17,4,0,0,17,1,0
2026-03-06 17:49:00,alice,192.168.1.143,DE,VPN-Client,1,17,4,0,0,12,1,0
2026-03-06 17:52:00,charlie,192.168.1.50,US,MacBook,1,17,4,0,0,13,0,0
2026-03-06 18:06:00,guest,192.168.1.191,UK,VPN-Client,1,18,4,0,0,26,0,0
2026-03-06 18:15:00,guest,192.168.1.196,US,Windows-Laptop,1,18,4,0,0,26,0,0
2026-03-06 18:21:00,guest,192.168.1.218,UK,Windows-Laptop,1,18,4,0,0,26,0,0
2026-03-06 18:46:00,charlie,192.168.1.135,US,Desktop-PC,1,18,4,0,0,13,0,0
2026-03-06 19:05:00,alice,192.168.1.24,UK,VPN-Client,1,19,4,0,0,12,1,0
2026-03-06 19:07:00,charlie,192.168.1.48,DE,Desktop-PC,1,19,4,0,0,13,0,0
2026-03-06 19:19:00,bob,192.168.1.39,US,MacBook,1,19,4,0,0,17,0,0
2026-03-06 19:32:00,bob,192.168.1.22,FR,Windows-Laptop,1,19,4,0,0,17,1,0
2026-03-06 19:35:00,alice,192.168.1.238,US,VPN-Client,1,19,4,0,0,12,1,0
2026-03-06 19:38:00,guest,192.168.1.157,US,Windows-Laptop,1,19,4,0,0,26,0,0
2026-03-06 20:00:00,guest,192.168.1.168,FR,Desktop-PC,1,20,4,0,0,26,0,0
2026-03-06 20:18:00,bob,192.168.1.123,US,VPN-Client,1,20,4,0,0,17,1,0
2026-03-06 20:24:00,bob,192.168.1.239,DE,VPN-Client,1,20,4,0,0,17,0,0
2026-03-06 20:26:00,guest,192.168.1.118,DE,MacBook,1,20,4,0,0,26,0,0
2026-03-06 20:34:00,guest,192.168.1.167,DE,Desktop-PC,1,20,4,0,0,26,0,0
2026-03-06 21:00:00,alice,192.168.1.59,UK,Windows-Laptop,1,21,4,0,0,12,0,0
2026-03-06 21:37:00,bob,192.168.1.114,FR,Windows-Laptop,1,21,4,0,0,17,1,0
2026-03-06 22:09:00,charlie,192.168.1.129,US,VPN-Client,1,22,4,0,0,13,0,0
2026-03-06 22:13:00,guest,192.168.1.2,US,Windows-Laptop,1,22,4,0,0,26,0,0
2026-03-06 22:21:00,guest,192.168.1.146,FR,VPN-Client,1,22,4,0,0,26,1,0
2026-03-06 22:31:00,alice,192.168.1.127,US,Windows-Laptop,1,22,4,0,0,12,1,0
2026-03-06 22:47:00,admin,192.168.1.231,US,Windows-Laptop,1,22,4,0,0,9,0,0
2026-03-06 22:52:00,charlie,192.168.1.92,DE,MacBook,1,22,4,0,0,13,1,0
2026-03-06 23:54:00,bob,192.168.1.53,DE,Desktop-PC,1,23,4,1,0,17,1,0
2026-03-06 23:55:00,guest,192.168.1.9,DE,MacBook,1,23,4,1,0,26,1,0
2026-03-07 00:07:00,alice,192.168.1.146,FR,Windows-Laptop,1,0,5,1,0,12,0,0
2026-03-07 00:20:00,guest,192.168.1.146,US,VPN-Client,1,0,5,1,0,26,0,0
2026-03-07 00:24:00,bob,192.168.1.45,UK,VPN-Client,1,0,5,1,0,17,0,0
2026-03-07 00:27:00,charlie,192.168.1.129,FR,VPN-Client,1,0,5,1,0,13,0,0
2026-03-07 00:28:00,alice,192.168.1.89,FR,Desktop-PC,1,0,5,1,0,12,0,0
2026-03-07 00:31:00,alice,192.168.1.61,DE,Desktop-PC,1,0,5,1,0,12,0,0
2026-03-07 00:40:00,guest,192.168.1.170,FR,Desktop-PC,1,0,5,1,0,26,0,0
2026-03-07 00:42:00,charlie,192.168.1.38,FR,Windows-Laptop,1,0,5,1,0,13,0,0
2026-03-07 00:45:00,alice,192.168.1.81,DE,Windows-Laptop,1,0,5,1,0,12,0,0
2026-03-07 00:46:00,guest,192.168.1.147,US,MacBook,1,0,5,1,0,26,1,0
2026-03-07 00:49:00,charlie,192.168.1.28,FR,Windows-Laptop,1,0,5,1,0,13,0,0
2026-03-07 01:08:00,charlie,192.168.1.231,FR,VPN-Client,1,1,5,1,0,13,1,0
2026-03-07 01:10:00,guest,192.168.1.5,DE,Desktop-PC,1,1,5,1,0,26,1,0
2026-03-07 01:30:00,alice,192.168.1.77,UK,Desktop-PC,1,1,5,1,0,12,1,0
2026-03-07 01:34:00,alice,192.168.1.48,US,VPN-Client,1,1,5,1,0,12,1,0
2026-03-07 01:42:00,charlie,192.168.1.188,DE,Desktop-PC,1,1,5,1,0,13,1,0
2026-03-07 02:08:00,bob,192.168.1.251,UK,Desktop-PC,1,2,5,1,0,17,1,0
2026-03-07 02:12:00,alice,192.168.1.206,UK,Desktop-PC,1,2,5,1,0,12,1,0
2026-03-07 02:20:00,alice,192.168.1.117,US,MacBook,1,2,5,1,0,12,1,0
2026-03-07 02:23:00,admin,192.168.1.105,US,VPN-Client,1,2,5,1,0,9,0,0
2026-03-07 02:24:00,alice,192.168.1.146,US,MacBook,1,2,5,1,0,12,0,0
2026-03-07 02:33:00,admin,192.168.1.157,DE,Desktop-PC,1,2,5,1,0,9,1,0
2026-03-07 02:40:00,guest,192.168.1.163,DE,MacBook,1,2,5,1,0,26,0,0
2026-03-07 02:49:00,admin,192.168.1.216,DE,MacBook,1,2,5,1,0,9,0,0
2026-03-07 02:56:00,guest,192.168.1.214,US,VPN-Client,1,2,5,1,0,26,0,0
2026-03-07 03:23:00,bob,192.168.1.84,UK,VPN-Client,1,3,5,1,0,17,1,0
2026-03-07 03:24:00,alice,192.168.1.253,FR,VPN-Client,1,3,5,1,0,12,1,0
2026-03-07 03:35:00,admin,192.168.1.206,FR,MacBook,0,3,5,1,1,10,1,0
2026-03-07 03:42:00,admin,192.168.1.147,US,VPN-Client,1,3,5,1,0,10,1,0
2026-03-07 04:03:00,admin,192.168.1.19,FR,MacBook,1,4,5,1,0,10,1,0
2026-03-07 04:05:00,bob,192.168.1.30,UK,VPN-Client,1,4,5,1,0,17,0,0
2026-03-07 04:22:00,admin,192.168.1.86,FR,Desktop-PC,1,4,5,1,0,10,0,0
2026-03-07 04:34:00,admin,192.168.1.103,UK,VPN-Client,1,4,5,1,0,10,0,0
2026-03-07 04:41:00,admin,192.168.1.190,DE,VPN-Client,1,4,5,1,0,10,1,0
2026-03-07 04:45:00,alice,192.168.1.121,US,MacBook,1,4,5,1,0,12,0,0
2026-03-07 04:49:00,bob,192.168.1.14,UK,Desktop-PC,1,4,5,1,0,17,1,0
2026-03-07 04:51:00,admin,192.168.1.163,FR,Desktop-PC,1,4,5,1,0,10,1,0
2026-03-07 05:02:00,bob,192.168.1.177,DE,Windows-Laptop,1,5,5,1,0,17,0,0
2026-03-07 05:04:00,alice,192.168.1.172,US,MacBook,1,5,5,1,0,12,1,0
2026-03-07 05:05:00,admin,192.168.1.120,UK,MacBook,1,5,5,1,0,10,1,0
2026-03-07 05:14:00,alice,192.168.1.138,FR,VPN-Client,1,5,5,1,0,12,1,0
2026-03-07 05:22:00,bob,192.168.1.15,FR,VPN-Client,1,5,5,1,0,17,0,0
2026-03-07 05:38:00,alice,192.168.1.68,DE,Desktop-PC,1,5,5,1,0,12,0,0
2026-03-07 05:45:00,guest,192.168.1.154,DE,VPN-Client,1,5,5,1,0,26,1,0
2026-03-07 05:51:00,guest,192.168.1.92,DE,MacBook,1,5,5,1,0,26,1,0
2026-03-07 05:59:00,guest,192.168.1.211,UK,MacBook,1,5,5,1,0,26,1,0
2026-03-07 06:07:00,charlie,192.168.1.5,FR,MacBook,1,6,5,0,0,13,1,0
2026-03-07 06:08:00,guest,192.168.1.30,UK,MacBook,1,6,5,0,0,26,1,0
2026-03-07 06:27:00,guest,192.168.1.46,DE,VPN-Client,1,6,5,0,0,26,0,0
2026-03-07 06:42:00,alice,192.168.1.240,UK,Windows-Laptop,1,6,5,0,0,12,0,0
2026-03-07 06:53:00,charlie,192.168.1.238,US,VPN-Client,1,6,5,0,0,13,1,0
2026-03-07 06:57:00,charlie,192.168.1.208,FR,MacBook,1,6,5,0,0,13,1,0
2026-03-07 07:11:00,charlie,192.168.1.29,FR,Desktop-PC,1,7,5,0,0,13,1,0
2026-03-07 07:18:00,admin,192.168.1.32,FR,VPN-Client,1,7,5,0,0,10,1,0
2026-03-07 07:26:00,charlie,192.168.1.79,DE,Windows-Laptop,1,7,5,0,0,13,1,0
2026-03-07 07:28:00,bob,192.168.1.124,US,Windows-Laptop,1,7,5,0,0,17,1,0
2026-03-07 07:29:00,admin,192.168.1.223,DE,MacBook,1,7,5,0,0,10,1,0
2026-03-07 07:46:00,charlie,192.168.1.102,FR,Windows-Laptop,1,7,5,0,0,13,1,0
2026-03-07 08:21:00,bob,192.168.1.226,DE,Desktop-PC,1,8,5,0,0,17,1,0
2026-03-07 08:25:00,admin,192.168.1.131,US,VPN-Client,1,8,5,0,0,10,0,0
2026-03-07 08:41:00,bob,192.168.1.158,FR,MacBook,0,8,5,0,1,18,0,0
2026-03-07 08:59:00,guest,192.168.1.230,UK,Windows-Laptop,1,8,5,0,0,26,0,0
2026-03-07 09:08:00,admin,192.168.1.189,FR,Desktop-PC,1,9,5,0,0,10,0,0
2026-03-07 09:28:00,bob,192.168.1.249,US,MacBook,1,9,5,0,0,18,1,0
2026-03-07 09:36:00,admin,192.168.1.240,US,Windows-Laptop,1,9,5,0,0,10,0,0
2026-03-07 09:40:00,admin,192.168.1.230,FR,VPN-Client,1,9,5,0,0,10,0,0
2026-03-07 09:40:00,admin,192.168.1.28,FR,VPN-Client,1,9,5,0,0,10,0,0
2026-03-07 09:49:00,guest,192.168.1.195,FR,MacBook,1,9,5,0,0,26,0,0
2026-03-07 09:54:00,alice,192.168.1.155,DE,VPN-Client,1,9,5,0,0,12,0,0
2026-03-07 10:01:00,alice,192.168.1.237,UK,Desktop-PC,1,10,5,0,0,12,1,0
2026-03-07 10:20:00,guest,192.168.1.25,UK,Windows-Laptop,1,10,5,0,0,26,0,0
2026-03-07 10:26:00,alice,192.168.1.229,FR,VPN-Client,1,10,5,0,0,12,0,0
2026-03-07 10:44:00,guest,192.168.1.62,DE,MacBook,1,10,5,0,0,26,1,0
2026-03-07 10:50:00,bob,192.168.1.103,US,Desktop-PC,1,10,5,0,0,18,1,0
2026-03-07 10:51:00,guest,192.168.1.242,DE,Windows-Laptop,1,10,5,0,0,26,1,0
2026-03-07 10:56:00,charlie,192.168.1.78,US,MacBook,1,10,5,0,0,13,1,0
2026-03-07 11:15:00,bob,192.168.1.4,UK,VPN-Client,1,11,5,0,0,18,0,0
2026-03-07 11:17:00,admin,192.168.1.242,US,Desktop-PC,1,11,5,0,0,10,1,0
2026-03-07 11:22:00,bob,192.168.1.136,US,Windows-Laptop,0,11,5,0,1,19,0,0
2026-03-07 11:22:00,admin,192.168.1.61,FR,VPN-Client,1,11,5,0,0,10,1,0
2026-03-07 11:25:00,admin,192.168.1.119,FR,MacBook,1,11,5,0,0,10,0,0
2026-03-07 11:26:00,guest,192.168.1.192,US,Windows-Laptop,1,11,5,0,0,26,0,0
2026-03-07 11:26:00,admin,192.168.1.30,DE,VPN-Client,0,11,5,0,1,11,1,0
2026-03-07 11:52:00,admin,192.168.1.98,DE,VPN-Client,1,11,5,0,0,11,1,0
2026-03-07 12:06:00,alice,192.168.1.56,UK,MacBook,0,12,5,0,1,13,1,0
2026-03-07 12:08:00,charlie,192.168.1.115,UK,Desktop-PC,1,12,5,0,0,13,1,0
2026-03-07 12:20:00,admin,192.168.1.6,US,Desktop-PC,1,12,5,0,0,11,1,0
2026-03-07 12:37:00,alice,192.168.1.93,UK,MacBook,1,12,5,0,0,13,0,0
2026-03-07 12:45:00,guest,192.168.1.141,US,Desktop-PC,1,12,5,0,0,26,1,0
2026-03-07 12:45:00,bob,192.168.1.223,UK,VPN-Client,1,12,5,0,0,19,1,0
2026-03-07 12:48:00,guest,192.168.1.52,DE,VPN-Client,1,12,5,0,0,26,0,0
2026-03-07 12:49:00,alice,192.168.1.107,US,MacBook,1,12,5,0,0,13,0,0
2026-03-07 13:02:00,alice,192.168.1.34,UK,Desktop-PC,1,13,5,0,0,13,1,0
2026-03-07 13:16:00,charlie,192.168.1.7,FR,MacBook,1,13,5,0,0,13,1,0
2026-03-07 13:45:00,charlie,192.168.1.197,UK,Desktop-PC,1,13,5,0,0,13,1,0
2026-03-07 13:49:00,charlie,192.168.1.14,DE,Windows-Laptop,1,13,5,0,0,13,1,0
2026-03-07 14:08:00,charlie,192.168.1.130,DE,MacBook,0,14,5,0,1,14,1,0
2026-03-07 14:17:00,charlie,192.168.1.149,US,VPN-Client,1,14,5,0,0,14,1,0
2026-03-07 14:24:00,charlie,192.168.1.87,US,MacBook,1,14,5,0,0,14,0,0
2026-03-07 14:24:00,charlie,192.168.1.184,US,Desktop-PC,0,14,5,0,1,15,1,0
2026-03-07 14:39:00,guest,192.168.1.122,DE,VPN-Client,1,14,5,0,0,26,0,0
2026-03-07 14:49:00,charlie,192.168.1.123,FR,Windows-Laptop,1,14,5,0,0,15,0,0
2026-03-07 14:50:00,alice,192.168.1.251,FR,MacBook,1,14,5,0,0,13,0,0
2026-03-07 14:52:00,alice,192.168.1.32,UK,Windows-Laptop,1,14,5,0,0,13,0,0
2026-03-07 14:56:00,admin,192.168.1.112,US,Desktop-PC,1,14,5,0,0,11,0,0
2026-03-07 15:05:00,charlie,192.168.1.147,UK,Windows-Laptop,1,15,5,0,0,15,1,0
2026-03-07 15:10:00,guest,192.168.1.211,US,Windows-Laptop,1,15,5,0,0,26,0,0
2026-03-07 15:12:00,alice,192.168.1.109,FR,MacBook,1,15,5,0,0,13,0,0
2026-03-07 15:14:00,admin,192.168.1.138,UK,Desktop-PC,1,15,5,0,0,11,1,0
2026-03-07 15:14:00,guest,192.168.1.139,UK,Windows-Laptop,1,15,5,0,0,26,1,0
2026-03-07 15:20:00,bob,192.168.1.58,US,VPN-Client,1,15,5,0,0,19,1,0
2026-03-07 15:21:00,bob,192.168.1.184,US,VPN-Client,1,15,5,0,0,19,1,0
2026-03-07 15:21:00,admin,192.168.1.117,UK,Windows-Laptop,1,15,5,0,0,11,1,0
2026-03-07 15:22:00,admin,192.168.1.181,FR,VPN-Client,1,15,5,0,0,11,1,0
2026-03-07 15:23:00,charlie,192.168.1.225,DE,MacBook,1,15,5,0,0,15,1,0
2026-03-07 15:25:00,alice,192.168.1.182,US,Windows-Laptop,1,15,5,0,0,13,1,0
2026-03-07 15:52:00,charlie,192.168.1.169,US,MacBook,1,15,5,0,0,15,0,0
2026-03-07 16:00:00,bob,192.168.1.231,FR,Windows-Laptop,1,16,5,0,0,19,0,0
2026-03-07 16:12:00,charlie,192.168.1.61,DE,Desktop-PC,1,16,5,0,0,15,1,0
2026-03-07 16:16:00,charlie,192.168.1.215,FR,VPN-Client,1,16,5,0,0,15,1,0
2026-03-07 16:31:00,alice,192.168.1.218,UK,VPN-Client,1,16,5,0,0,13,0,0
2026-03-07 16:34:00,charlie,192.168.1.208,US,MacBook,1,16,5,0,0,15,0,0
2026-03-07 16:36:00,guest,192.168.1.122,DE,Windows-Laptop,1,16,5,0,0,26,0,0
2026-03-07 16:46:00,admin,192.168.1.138,US,VPN-Client,1,16,5,0,0,11,0,0
2026-03-07 17:03:00,bob,192.168.1.130,FR,Desktop-PC,1,17,5,0,0,19,0,0
2026-03-07 17:07:00,charlie,192.168.1.139,FR,VPN-Client,1,17,5,0,0,15,1,0
2026-03-07 17:15:00,alice,192.168.1.121,DE,Desktop-PC,0,17,5,0,1,14,0,0
2026-03-07 17:33:00,admin,192.168.1.17,FR,VPN-Client,1,17,5,0,0,11,1,0
2026-03-07 17:36:00,admin,192.168.1.244,DE,MacBook,1,17,5,0,0,11,0,0
2026-03-07 17:43:00,admin,192.168.1.127,DE,VPN-Client,1,17,5,0,0,11,1,0
2026-03-07 17:52:00,charlie,192.168.1.112,UK,MacBook,0,17,5,0,1,16,0,0
2026-03-07 18:01:00,admin,192.168.1.245,FR,Windows-Laptop,1,18,5,0,0,11,1,0
2026-03-07 18:01:00,alice,192.168.1.89,UK,MacBook,1,18,5,0,0,14,0,0
2026-03-07 18:13:00,admin,192.168.1.193,DE,Desktop-PC,0,18,5,0,1,12,0,0
2026-03-07 18:13:00,alice,192.168.1.217,FR,VPN-Client,1,18,5,0,0,14,1,0
2026-03-07 18:17:00,guest,192.168.1.182,UK,Windows-Laptop,1,18,5,0,0,26,1,0
2026-03-07 18:17:00,bob,192.168.1.232,UK,Desktop-PC,1,18,5,0,0,19,1,0
2026-03-07 18:34:00,charlie,192.168.1.127,US,Desktop-PC,1,18,5,0,0,16,0,0
2026-03-07 18:37:00,charlie,192.168.1.219,FR,Windows-Laptop,1,18,5,0,0,16,1,0
2026-03-07 18:45:00,admin,192.168.1.172,UK,Windows-Laptop,1,18,5,0,0,12,1,0
2026-03-07 18:56:00,bob,192.168.1.245,UK,Windows-Laptop,1,18,5,0,0,19,0,0
2026-03-07 18:57:00,bob,192.168.1.205,FR,Windows-Laptop,1,18,5,0,0,19,1,0
2026-03-07 19:03:00,bob,192.168.1.58,US,Windows-Laptop,1,19,5,0,0,19,0,0
2026-03-07 19:07:00,guest,192.168.1.95,UK,MacBook,1,19,5,0,0,26,1,0
2026-03-07 19:11:00,admin,192.168.1.54,FR,MacBook,1,19,5,0,0,12,1,0
2026-03-07 19:15:00,admin,192.168.1.129,FR,Windows-Laptop,1,19,5,0,0,12,1,0
2026-03-07 19:23:00,bob,192.168.1.53,US,VPN-Client,1,19,5,0,0,19,0,0
2026-03-07 19:43:00,admin,192.168.1.35,US,Desktop-PC,1,19,5,0,0,12,1,0
2026-03-07 19:51:00,admin,192.168.1.193,US,VPN-Client,1,19,5,0,0,12,0,0
2026-03-07 19:55:00,charlie,192.168.1.93,UK,Desktop-PC,1,19,5,0,0,16,1,0
2026-03-07 20:05:00,admin,192.168.1.135,FR,MacBook,1,20,5,0,0,12,0,0
2026-03-07 20:16:00,admin,192.168.1.153,FR,Windows-Laptop,1,20,5,0,0,12,1,0
2026-03-07 20:29:00,admin,192.168.1.249,DE,VPN-Client,1,20,5,0,0,12,1,0
2026-03-07 20:44:00,charlie,192.168.1.31,DE,VPN-Client,1,20,5,0,0,16,0,0
2026-03-07 21:17:00,charlie,192.168.1.118,DE,Desktop-PC,1,21,5,0,0,16,1,0
2026-03-07 21:19:00,charlie,192.168.1.145,DE,Desktop-PC,1,21,5,0,0,16,1,0
2026-03-07 21:21:00,charlie,192.168.1.172,FR,MacBook,1,21,5,0,0,16,0,0
2026-03-07 21:25:00,admin,192.168.1.45,UK,MacBook,1,21,5,0,0,12,1,0
2026-03-07 21:43:00,guest,192.168.1.117,UK,Windows-Laptop,1,21,5,0,0,26,0,0
2026-03-07 21:45:00,guest,192.168.1.221,UK,Desktop-PC,1,21,5,0,0,26,0,0
2026-03-07 22:00:00,bob,192.168.1.138,UK,VPN-Client,1,22,5,0,0,19,1,0
2026-03-07 22:26:00,charlie,192.168.1.193,FR,Desktop-PC,1,22,5,0,0,16,0,0
2026-03-07 22:56:00,bob,192.168.1.93,US,Desktop-PC,1,22,5,0,0,19,1,0
2026-03-08 00:06:00,charlie,192.168.1.162,DE,VPN-Client,1,0,6,1,0,16,1,0
2026-03-08 00:14:00,guest,192.168.1.3,DE,VPN-Client,1,0,6,1,0,26,0,0
2026-03-08 00:38:00,alice,192.168.1.158,DE,MacBook,1,0,6,1,0,14,1,0
2026-03-08 00:44:00,admin,192.168.1.179,UK,MacBook,1,0,6,1,0,12,1,0
2026-03-08 00:49:00,bob,192.168.1.11,UK,VPN-Client,1,0,6,1,0,19,1,0
2026-03-08 00:55:00,admin,192.168.1.92,US,MacBook,1,0,6,1,0,12,1,0
2026-03-08 00:58:00,bob,192.168.1.233,DE,Windows-Laptop,1,0,6,1,0,19,1,0
2026-03-08 01:07:00,charlie,192.168.1.107,UK,MacBook,1,1,6,1,0,16,1,0
2026-03-08 01:14:00,alice,192.168.1.178,UK,Windows-Laptop,1,1,6,1,0,14,1,0
2026-03-08 01:18:00,charlie,192.168.1.201,FR,MacBook,1,1,6,1,0,16,0,0
2026-03-08 01:24:00,bob,192.168.1.61,FR,Windows-Laptop,1,1,6,1,0,19,1,0
2026-03-08 01:25:00,alice,192.168.1.115,FR,VPN-Client,1,1,6,1,0,14,1,0
2026-03-08 01:37:00,alice,192.168.1.235,UK,VPN-Client,1,1,6,1,0,14,1,0
2026-03-08 01:38:00,guest,192.168.1.132,DE,VPN-Client,1,1,6,1,0,26,1,0
2026-03-08 01:53:00,alice,192.168.1.230,DE,Windows-Laptop,1,1,6,1,0,14,0,0
2026-03-08 01:58:00,bob,192.168.1.151,DE,Desktop-PC,1,1,6,1,0,19,1,0
2026-03-08 02:01:00,alice,192.168.1.7,DE,Desktop-PC,1,2,6,1,0,14,1,0
2026-03-08 02:04:00,admin,192.168.1.222,DE,MacBook,1,2,6,1,0,12,0,0
2026-03-08 02:11:00,admin,192.168.1.145,UK,VPN-Client,1,2,6,1,0,12,1,0
2026-03-08 02:14:00,guest,192.168.1.248,US,Windows-Laptop,1,2,6,1,0,26,1,0
2026-03-08 02:25:00,charlie,192.168.1.141,US,Desktop-PC,1,2,6,1,0,16,1,0
2026-03-08 02:39:00,alice,192.168.1.219,FR,Windows-Laptop,1,2,6,1,0,14,1,0
2026-03-08 02:42:00,bob,192.168.1.3,FR,VPN-Client,1,2,6,1,0,19,1,0
2026-03-08 02:44:00,guest,192.168.1.40,DE,Desktop-PC,1,2,6,1,0,26,0,0
2026-03-08 02:49:00,charlie,192.168.1.100,FR,MacBook,1,2,6,1,0,16,0,0
2026-03-08 02:55:00,charlie,192.168.1.221,DE,VPN-Client,1,2,6,1,0,16,0,0
2026-03-08 03:10:00,alice,192.168.1.186,UK,Desktop-PC,1,3,6,1,0,14,1,0
2026-03-08 03:21:00,alice,192.168.1.151,DE,Desktop-PC,1,3,6,1,0,14,0,0
2026-03-08 03:43:00,bob,192.168.1.158,US,VPN-Client,1,3,6,1,0,19,0,0
2026-03-08 03:43:00,bob,192.168.1.25,UK,MacBook,1,3,6,1,0,19,0,0
2026-03-08 03:50:00,admin,192.168.1.13,DE,MacBook,1,3,6,1,0,12,1,0
2026-03-08 03:51:00,alice,192.168.1.46,UK,Desktop-PC,1,3,6,1,0,14,0,0
2026-03-08 03:57:00,charlie,192.168.1.172,FR,Desktop-PC,1,3,6,1,0,16,0,0
2026-03-08 04:02:00,guest,192.168.1.244,UK,VPN-Client,1,4,6,1,0,26,1,0
2026-03-08 04:18:00,admin,192.168.1.40,UK,VPN-Client,1,4,6,1,0,12,0,0
2026-03-08 04:20:00,bob,192.168.1.104,DE,Desktop-PC,1,4,6,1,0,19,1,0
2026-03-08 04:42:00,admin,192.168.1.80,UK,Desktop-PC,1,4,6,1,0,12,1,0
2026-03-08 05:01:00,charlie,192.168.1.104,UK,VPN-Client,1,5,6,1,0,16,0,0
2026-03-08 05:03:00,bob,192.168.1.41,UK,Desktop-PC,1,5,6,1,0,19,1,0
2026-03-08 05:25:00,bob,192.168.1.145,UK,Windows-Laptop,1,5,6,1,0,19,1,0
2026-03-08 05:35:00,guest,192.168.1.208,DE,Windows-Laptop,0,5,6,1,1,27,1,0
2026-03-08 06:07:00,charlie,192.168.1.78,FR,Desktop-PC,1,6,6,0,0,16,0,0
2026-03-08 06:21:00,charlie,192.168.1.61,FR,MacBook,1,6,6,0,0,16,0,0
2026-03-08 06:44:00,bob,192.168.1.217,UK,Windows-Laptop,1,6,6,0,0,19,0,0
2026-03-08 06:46:00,bob,192.168.1.204,DE,Windows-Laptop,1,6,6,0,0,19,1,0
2026-03-08 06:48:00,charlie,192.168.1.73,UK,MacBook,1,6,6,0,0,16,0,0
2026-03-08 06:49:00,guest,192.168.1.228,DE,Desktop-PC,1,6,6,0,0,27,1,0
2026-03-08 06:57:00,charlie,192.168.1.63,US,VPN-Client,1,6,6,0,0,16,0,0
2026-03-08 07:05:00,admin,192.168.1.221,DE,Windows-Laptop,1,7,6,0,0,12,0,0
2026-03-08 07:09:00,bob,192.168.1.168,FR,VPN-Client,1,7,6,0,0,19,0,0
2026-03-08 07:29:00,charlie,192.168.1.202,FR,Windows-Laptop,0,7,6,0,1,17,1,0
